,index,election_year,state_x,transaction_amt,totalspend_yr_st,spend_share,election_year_ds,party_simplified,candidatevotes,percentvote,writein_sum,totalvotes,writein_mean,won,region,battleground_bool,battleground_margin_avg_pct,shift_bool,shift_int,bellweather_bool,bellweather_pct,swing,democrat_lean_pct,percent_of_total_spend,spend_per_vote
0,0,2004,CA,4310.65,8190.85,52.62762717,11/1/04,DEMOCRAT,6745485,54.30555753,0,12421353,0,1,PACIFIC COAST,FALSE,20,FALSE,0,FALSE,50,FALSE,100,2.57,0.063904226
1,1,2004,CA,3880.2,8190.85,47.37237283,11/1/04,OTHER,166042,1.336746488,1,12421353,0.2,0,PACIFIC COAST,FALSE,20,FALSE,0,FALSE,50,FALSE,100,54.98,2.336878621
2,2,2004,CO,332.39,332.39,100,11/1/04,OTHER,26643,1.251062391,0,2129630,0,0,ROCKY MOUNTAINS,TRUE,5.41,TRUE,2,TRUE,71.43,TRUE,57.14,1.48,1.247569718
3,3,2004,DC,110613.46,118567.63,93.29144894,11/1/04,DEMOCRAT,202970,89.18386896,0,227586,0,1,MIDATLANTIC,FALSE,20,FALSE,0,FALSE,50,FALSE,100,22.65,54.49744297
4,4,2004,DC,2547.27,118567.63,2.148368825,11/1/04,OTHER,3360,1.476364979,1,227586,0.2,0,MIDATLANTIC,FALSE,20,FALSE,0,FALSE,50,FALSE,100,13.59,75.81160713
5,5,2004,DC,5406.9,118567.63,4.560182235,11/1/04,REPUBLICAN,21256,9.339766066,0,227586,0,0,MIDATLANTIC,FALSE,20,FALSE,0,FALSE,50,FALSE,100,22.53,25.43705307
6,6,2004,FL,200,200,100,11/1/04,REPUBLICAN,3964522,52.09751623,0,7609810,0,1,SOUTHEAST,TRUE,2.5,TRUE,4,TRUE,85.71,TRUE,42.86,63.23,0.005044744
7,7,2004,IL,100300,100300,100,11/1/04,DEMOCRAT,2891550,54.82316021,0,5274322,0,1,MIDWEST,FALSE,20,FALSE,0,FALSE,50,FALSE,100,17.84,3.468727845
8,8,2004,KY,132.06,132.06,100,11/1/04,OTHER,13710,0.763413186,1,1795882,0.25,0,SOUTHEAST,FALSE,20,TRUE,1,TRUE,71.43,TRUE,28.57,0.59,0.963238512
9,9,2004,MA,2885.42,2885.42,100,11/1/04,OTHER,52546,1.794937924,1,2927455,0.2,0,NORTHEAST,FALSE,20,FALSE,0,FALSE,50,FALSE,100,17.15,5.491226735
10,10,2004,MD,500,500,100,11/1/04,OTHER,25035,1.050021013,1,2384238,0.2,0,MIDATLANTIC,FALSE,20,FALSE,0,FALSE,50,FALSE,100,13.59,1.997203915
11,11,2004,MN,360,360,100,11/1/04,OTHER,36678,1.296781522,1,2828387,0.125,0,MIDWEST,FALSE,20,FALSE,0,FALSE,50,FALSE,100,8.81,0.981514805
12,12,2004,MO,3416.66,3416.66,100,11/1/04,REPUBLICAN,1455713,53.29619194,0,2731364,0,1,MIDWEST,FALSE,20,TRUE,1,TRUE,71.43,TRUE,28.57,14.24,0.234706979
13,13,2004,NH,-20,941.52,-2.124224658,11/1/04,DEMOCRAT,340511,50.20161082,0,678287,0,1,NORTHEAST,TRUE,4.19,TRUE,2,TRUE,71.43,FALSE,14.29,12.19,-0.005873525
14,14,2004,NH,961.52,941.52,102.1242247,11/1/04,OTHER,6539,0.964046193,1,678287,0.333333333,0,NORTHEAST,TRUE,4.19,TRUE,2,TRUE,71.43,FALSE,14.29,17.15,14.70438906
15,15,2004,NY,15650.21,15650.21,100,11/1/04,DEMOCRAT,4180755,56.13058127,0,7448266,0,1,MIDATLANTIC,FALSE,20,FALSE,0,FALSE,50,FALSE,100,22.65,0.374339324
16,16,2004,OH,-814.08,801.27,-101.598712,11/1/04,DEMOCRAT,2741165,48.70668524,0,5627903,0,0,MIDWEST,TRUE,4.21,TRUE,3,TRUE,100,FALSE,57.14,17.84,-0.029698322
17,17,2004,OH,1615.35,801.27,201.598712,11/1/04,OTHER,26974,0.479290421,1,5627903,0.5,0,MIDWEST,TRUE,4.21,TRUE,3,TRUE,100,FALSE,57.14,8.81,5.988544523
18,18,2004,OR,10000,18450,54.20054201,11/1/04,DEMOCRAT,943163,51.34866304,0,1836782,0,1,PACIFIC COAST,FALSE,20,FALSE,0,FALSE,50,FALSE,100,2.57,1.060262118
19,19,2004,OR,8450,18450,45.79945799,11/1/04,OTHER,26788,1.458420215,0,1836782,0,0,PACIFIC COAST,FALSE,20,FALSE,0,FALSE,50,FALSE,100,54.98,31.54397491
20,20,2004,RI,68000,68000,100,11/1/04,DEMOCRAT,259760,59.42342623,0,437134,0,1,NORTHEAST,FALSE,20,FALSE,0,FALSE,50,FALSE,100,12.19,26.17801047
21,21,2004,SC,1500,1500,100,11/1/04,DEMOCRAT,661669,40.90183594,0,1617700,0,0,SOUTHEAST,FALSE,20,FALSE,0,FALSE,50,FALSE,0,44.75,0.226699452
22,22,2004,TX,760.78,760.78,100,11/1/04,OTHER,51128,0.689916768,1,7410749,0.5,0,SOUTHWEST,FALSE,20,FALSE,0,FALSE,50,FALSE,0,3.39,1.487990925
23,23,2004,VA,248000.96,262971.49,94.30716615,11/1/04,DEMOCRAT,1454742,45.5259176,0,3195415,0,0,SOUTHEAST,TRUE,5.45,TRUE,1,FALSE,71.43,FALSE,42.86,44.75,17.04776242
24,24,2004,VA,14970.53,262971.49,5.692833851,11/1/04,REPUBLICAN,1716959,53.73195657,0,3195415,0,1,SOUTHEAST,TRUE,5.45,TRUE,1,FALSE,71.43,FALSE,42.86,63.23,0.871921228
25,25,2008,AK,525,547.57,95.87815256,11/1/08,DEMOCRAT,123594,37.8893736,0,326197,0,0,PACIFIC COAST,FALSE,20,FALSE,0,FALSE,50,FALSE,0,2.87,0.424777902
26,26,2008,AK,22.57,547.57,4.121847435,11/1/08,REPUBLICAN,193841,59.42451954,0,326197,0,1,PACIFIC COAST,FALSE,20,FALSE,0,FALSE,50,FALSE,0,67.86,0.011643564
27,27,2008,AL,1475026.47,1549431.6,95.19790806,11/1/08,DEMOCRAT,813479,38.74043429,0,2099819,0,0,SOUTHEAST,FALSE,20,FALSE,0,FALSE,50,FALSE,0,6,181.3232388
28,28,2008,AL,4735,1549431.6,0.305595936,11/1/08,OTHER,19794,0.942652676,1,2099819,0.5,0,SOUTHEAST,FALSE,20,FALSE,0,FALSE,50,FALSE,0,8.64,23.92139032
29,29,2008,AL,69670.13,1549431.6,4.496496005,11/1/08,REPUBLICAN,1266546,60.31691303,0,2099819,0,1,SOUTHEAST,FALSE,20,FALSE,0,FALSE,50,FALSE,0,67.86,5.500797444
30,30,2008,AR,64806.05,94514.77,68.5671139,11/1/08,DEMOCRAT,422310,38.86465977,0,1086617,0,0,SOUTHEAST,FALSE,20,TRUE,1,TRUE,71.43,FALSE,28.57,6,15.34561104
31,31,2008,AR,29708.72,94514.77,31.4328861,11/1/08,REPUBLICAN,638017,58.7159045,0,1086617,0,1,SOUTHEAST,FALSE,20,TRUE,1,TRUE,71.43,FALSE,28.57,67.86,4.656415111
32,32,2008,AZ,299675.39,374506.21,80.01880396,11/1/08,DEMOCRAT,1034707,45.11525087,0,2293475,0,0,SOUTHWEST,TRUE,6.02,TRUE,2,FALSE,71.43,FALSE,14.29,0.45,28.96234296
33,33,2008,AZ,3140.15,374506.21,0.838477418,11/1/08,OTHER,28657,1.249501303,1,2293475,0.25,0,SOUTHWEST,TRUE,6.02,TRUE,2,FALSE,71.43,FALSE,14.29,8.64,10.95770667
34,34,2008,AZ,71690.67,374506.21,19.14271862,11/1/08,REPUBLICAN,1230111,53.63524782,0,2293475,0,1,SOUTHWEST,TRUE,6.02,TRUE,2,FALSE,71.43,FALSE,14.29,67.86,5.827983816
35,35,2008,CA,14815916.61,21212449.34,69.84538359,11/1/08,DEMOCRAT,8274473,61.01263835,0,13561900,0,1,PACIFIC COAST,FALSE,20,FALSE,0,FALSE,50,FALSE,100,2.87,179.0557128
36,36,2008,CA,159674.94,21212449.34,0.752741644,11/1/08,OTHER,275646,2.03250282,1,13561900,0.2,0,PACIFIC COAST,FALSE,20,FALSE,0,FALSE,50,FALSE,100,8.64,57.92753746
37,37,2008,CA,6236857.79,21212449.34,29.40187477,11/1/08,REPUBLICAN,5011781,36.95485883,0,13561900,0,0,PACIFIC COAST,FALSE,20,FALSE,0,FALSE,50,FALSE,100,67.86,124.443941
38,38,2008,CO,44297344.54,44318010.4,99.95336916,11/1/08,DEMOCRAT,1288576,53.66023684,0,2401361,0,1,ROCKY MOUNTAINS,TRUE,5.41,TRUE,2,TRUE,71.43,TRUE,57.14,8.25,3437.697469
39,39,2008,CO,6489.38,44318010.4,0.01464276,11/1/08,OTHER,39196,1.63224105,0,2401361,0,0,ROCKY MOUNTAINS,TRUE,5.41,TRUE,2,TRUE,71.43,TRUE,57.14,8.64,16.55622997
40,40,2008,CO,14176.48,44318010.4,0.031988079,11/1/08,REPUBLICAN,1073589,44.70752211,0,2401361,0,0,ROCKY MOUNTAINS,TRUE,5.41,TRUE,2,TRUE,71.43,TRUE,57.14,67.86,1.320475543
41,41,2008,CT,8645,201349.38,4.293531969,11/1/08,DEMOCRAT,997772,60.58882968,0,1646792,0,1,NORTHEAST,FALSE,20,FALSE,0,FALSE,50,FALSE,100,56.9,0.866430407
42,42,2008,CT,898.39,201349.38,0.446184637,11/1/08,OTHER,19592,1.189707018,1,1646792,0.5,0,NORTHEAST,FALSE,20,FALSE,0,FALSE,50,FALSE,100,8.64,4.585494081
43,43,2008,CT,191805.99,201349.38,95.26028339,11/1/08,REPUBLICAN,629428,38.22146331,0,1646792,0,0,NORTHEAST,FALSE,20,FALSE,0,FALSE,50,FALSE,100,1.67,30.47306284
44,44,2008,DC,12396786.24,12738223.24,97.31958693,11/1/08,DEMOCRAT,245800,92.45710976,0,265853,0,1,MIDATLANTIC,FALSE,20,FALSE,0,FALSE,50,FALSE,100,16.66,5043.444361
45,45,2008,DC,23760.27,12738223.24,0.186527348,11/1/08,OTHER,2686,1.010332778,1,265853,0.333333333,0,MIDATLANTIC,FALSE,20,FALSE,0,FALSE,50,FALSE,100,8.64,884.5967979
46,46,2008,DC,317676.73,12738223.24,2.493885717,11/1/08,REPUBLICAN,17367,6.532557466,0,265853,0,0,MIDATLANTIC,FALSE,20,FALSE,0,FALSE,50,FALSE,100,1.67,1829.197501
47,47,2008,DE,1989.75,3047.75,65.28586662,11/1/08,DEMOCRAT,255459,61.94266898,0,412412,0,1,MIDATLANTIC,FALSE,20,FALSE,0,FALSE,50,FALSE,100,16.66,0.778892112
48,48,2008,DE,785,3047.75,25.75670577,11/1/08,OTHER,4579,1.11029747,0,412412,0,0,MIDATLANTIC,FALSE,20,FALSE,0,FALSE,50,FALSE,100,23.41,17.14348111
49,49,2008,DE,273,3047.75,8.957427611,11/1/08,REPUBLICAN,152374,36.94703355,0,412412,0,0,MIDATLANTIC,FALSE,20,FALSE,0,FALSE,50,FALSE,100,1.67,0.179164424
50,50,2008,FL,15912122.6,16044970.49,99.17202783,11/1/08,DEMOCRAT,4282074,51.03330527,0,8390744,0,1,SOUTHEAST,TRUE,2.5,TRUE,4,TRUE,85.71,TRUE,42.86,6,371.5984964
51,51,2008,FL,11311.46,16044970.49,0.070498478,11/1/08,OTHER,63046,0.751375563,1,8390744,0.083333333,0,SOUTHEAST,TRUE,2.5,TRUE,4,TRUE,85.71,TRUE,42.86,23.41,17.94159818
52,52,2008,FL,121536.43,16044970.49,0.75747369,11/1/08,REPUBLICAN,4045624,48.21531917,0,8390744,0,0,SOUTHEAST,TRUE,2.5,TRUE,4,TRUE,85.71,TRUE,42.86,1.67,3.004145468
53,53,2008,GA,8974249.42,9091676.84,98.70840746,11/1/08,DEMOCRAT,1844123,46.9901791,0,3924486,0,0,SOUTHEAST,TRUE,6.88,FALSE,1,FALSE,71.43,FALSE,14.29,6,486.6405018
54,54,2008,GA,22724.7,9091676.84,0.249950591,11/1/08,OTHER,31604,0.805302911,2,3924486,0.666666667,0,SOUTHEAST,TRUE,6.88,FALSE,1,FALSE,71.43,FALSE,14.29,23.41,71.90450574
55,55,2008,GA,94702.72,9091676.84,1.041641951,11/1/08,REPUBLICAN,2048759,52.20451799,0,3924486,0,1,SOUTHEAST,TRUE,6.88,FALSE,1,FALSE,71.43,FALSE,14.29,1.67,4.622443148
56,56,2008,HI,606.36,606.36,100,11/1/08,DEMOCRAT,325871,71.45291012,0,456064,0,1,PACIFIC COAST,FALSE,20,FALSE,0,FALSE,50,FALSE,100,2.87,0.18607363
57,57,2008,IA,356134.41,1579501.67,22.54726391,11/1/08,DEMOCRAT,828940,53.92802007,0,1537123,0,1,MIDWEST,TRUE,6.01,TRUE,3,TRUE,85.71,FALSE,71.43,8.87,42.96262818
58,58,2008,IA,8046.26,1579501.67,0.509417632,11/1/08,OTHER,25804,1.678720571,1,1537123,0.125,0,MIDWEST,TRUE,6.01,TRUE,3,TRUE,85.71,FALSE,71.43,23.41,31.18221983
59,59,2008,IA,1215321,1579501.67,76.94331846,11/1/08,REPUBLICAN,682379,44.39325936,0,1537123,0,0,MIDWEST,TRUE,6.01,TRUE,3,TRUE,85.71,FALSE,71.43,1.67,178.1005863
60,60,2008,ID,2229.46,5491.46,40.59867503,11/1/08,DEMOCRAT,236440,36.09098763,0,655122,0,0,ROCKY MOUNTAINS,FALSE,20,FALSE,0,FALSE,50,FALSE,0,8.25,0.942928438
61,61,2008,ID,380,5491.46,6.919835526,11/1/08,OTHER,15670,2.391920894,1,655122,0.25,0,ROCKY MOUNTAINS,FALSE,20,FALSE,0,FALSE,50,FALSE,0,23.41,2.425015954
62,62,2008,ID,2882,5491.46,52.48148944,11/1/08,REPUBLICAN,403012,61.51709147,0,655122,0,1,ROCKY MOUNTAINS,FALSE,20,FALSE,0,FALSE,50,FALSE,0,1.67,0.715115183
63,63,2008,IL,13204527.64,13314688.24,99.17263853,11/1/08,DEMOCRAT,3419348,61.91811452,0,5522371,0,1,MIDWEST,FALSE,20,FALSE,0,FALSE,50,FALSE,100,8.87,386.1709203
64,64,2008,IL,21221.99,13314688.24,0.15938781,11/1/08,OTHER,71844,1.300962938,1,5522371,0.166666667,0,MIDWEST,FALSE,20,FALSE,0,FALSE,50,FALSE,100,23.41,29.53898724
65,65,2008,IL,88938.61,13314688.24,0.667973657,11/1/08,REPUBLICAN,2031179,36.78092254,0,5522371,0,0,MIDWEST,FALSE,20,FALSE,0,FALSE,50,FALSE,100,1.67,4.378669234
66,66,2008,IN,27449.35,27843.1,98.58582557,11/1/08,DEMOCRAT,1374039,49.94591164,0,2751054,0,1,MIDWEST,FALSE,20,TRUE,2,FALSE,71.43,TRUE,14.29,8.87,1.997712583
67,67,2008,IN,393.75,27843.1,1.414174427,11/1/08,REPUBLICAN,1345648,48.91390718,0,2751054,0,0,MIDWEST,FALSE,20,TRUE,2,FALSE,71.43,TRUE,14.29,1.67,0.029260995
68,68,2008,KS,10305.54,14244.26,72.34872152,11/1/08,DEMOCRAT,514765,41.65196719,0,1235872,0,0,MIDWEST,FALSE,20,FALSE,0,FALSE,50,FALSE,0,8.87,2.001989257
69,69,2008,KS,300,14244.26,2.106111514,11/1/08,OTHER,21452,1.735778462,0,1235872,0,0,MIDWEST,FALSE,20,FALSE,0,FALSE,50,FALSE,0,23.41,1.398471005
70,70,2008,KS,3638.72,14244.26,25.54516697,11/1/08,REPUBLICAN,699655,56.61225434,0,1235872,0,1,MIDWEST,FALSE,20,FALSE,0,FALSE,50,FALSE,0,1.67,0.520073465
71,71,2008,KY,22767.63,24584.71,92.60890204,11/1/08,DEMOCRAT,751985,41.16811378,0,1826620,0,0,SOUTHEAST,FALSE,20,TRUE,1,TRUE,71.43,TRUE,28.57,6,3.027670765
72,72,2008,KY,1095.64,24584.71,4.456591109,11/1/08,OTHER,26173,1.432865073,1,1826620,0.25,0,SOUTHEAST,FALSE,20,TRUE,1,TRUE,71.43,TRUE,28.57,23.41,4.186146028
73,73,2008,KY,721.44,24584.71,2.934506854,11/1/08,REPUBLICAN,1048462,57.39902114,0,1826620,0,1,SOUTHEAST,FALSE,20,TRUE,1,TRUE,71.43,TRUE,28.57,1.67,0.068809361
74,74,2008,LA,9650.97,11650.97,82.83404729,11/1/08,DEMOCRAT,782989,39.9329138,0,1960761,0,0,SOUTHEAST,FALSE,20,TRUE,1,TRUE,71.43,TRUE,28.57,6,1.232580534
75,75,2008,LA,2000,11650.97,17.16595271,11/1/08,REPUBLICAN,1148275,58.56272131,0,1960761,0,1,SOUTHEAST,FALSE,20,TRUE,1,TRUE,71.43,TRUE,28.57,1.67,0.174174305
76,76,2008,MA,306343290.1,306429407.8,99.97189638,11/1/08,DEMOCRAT,1904097,61.3631991,0,3102995,0,1,NORTHEAST,FALSE,20,FALSE,0,FALSE,50,FALSE,100,56.9,16088.63887
77,77,2008,MA,13122.83,306429407.8,0.004282497,11/1/08,OTHER,90044,2.901841608,0,3102995,0,0,NORTHEAST,FALSE,20,FALSE,0,FALSE,50,FALSE,100,23.41,14.57379747
78,78,2008,MA,72994.94,306429407.8,0.023821128,11/1/08,REPUBLICAN,1108854,35.73495929,0,3102995,0,0,NORTHEAST,FALSE,20,FALSE,0,FALSE,50,FALSE,100,0.22,6.58291727
79,79,2008,MD,2745648.83,126871169.9,2.164123522,11/1/08,DEMOCRAT,1629467,61.91934476,0,2631596,0,1,MIDATLANTIC,FALSE,20,FALSE,0,FALSE,50,FALSE,100,16.66,168.4998119
80,80,2008,MD,5287.82,126871169.9,0.004167866,11/1/08,OTHER,42267,1.606135592,1,2631596,0.2,0,MIDATLANTIC,FALSE,20,FALSE,0,FALSE,50,FALSE,100,5.24,12.51051732
81,81,2008,MD,124120233.2,126871169.9,97.83170861,11/1/08,REPUBLICAN,959862,36.47451965,0,2631596,0,0,MIDATLANTIC,FALSE,20,FALSE,0,FALSE,50,FALSE,100,0.22,12931.0498
82,82,2008,ME,11850.1,12150.1,97.53088452,11/1/08,DEMOCRAT,421923,57.7057373,0,731163,0,1,NORTHEAST,FALSE,20,FALSE,0,FALSE,50,FALSE,100,56.9,2.808593037
83,83,2008,ME,300,12150.1,2.469115481,11/1/08,REPUBLICAN,295273,40.38401834,0,731163,0,0,NORTHEAST,FALSE,20,FALSE,0,FALSE,50,FALSE,100,0.22,0.101600891
84,84,2008,MI,13771.04,20226.2,68.08515688,11/1/08,DEMOCRAT,2872579,57.43324731,0,5001596,0,1,MIDWEST,FALSE,20,TRUE,1,TRUE,71.43,TRUE,14.29,8.87,0.479396389
85,85,2008,MI,116.6,20226.2,0.576480011,11/1/08,OTHER,80378,1.607047031,0,5001596,0,0,MIDWEST,FALSE,20,TRUE,1,TRUE,71.43,TRUE,14.29,5.24,0.14506457
86,86,2008,MI,6338.56,20226.2,31.33836311,11/1/08,REPUBLICAN,2048639,40.95970566,0,5001596,0,0,MIDWEST,FALSE,20,TRUE,1,TRUE,71.43,TRUE,14.29,0.22,0.309403462
87,87,2008,MN,8235089.81,8665889.71,95.02878626,11/1/08,DEMOCRAT,1573354,54.0602927,0,2910369,0,1,MIDWEST,FALSE,20,FALSE,0,FALSE,50,FALSE,100,8.87,523.4098499
88,88,2008,MN,113006.3,8665889.71,1.304035751,11/1/08,OTHER,61606,2.116776258,1,2910369,0.166666667,0,MIDWEST,FALSE,20,FALSE,0,FALSE,50,FALSE,100,5.24,183.4339187
89,89,2008,MN,317793.6,8665889.71,3.667177989,11/1/08,REPUBLICAN,1275409,43.82293104,0,2910369,0,0,MIDWEST,FALSE,20,FALSE,0,FALSE,50,FALSE,100,3.4,24.91699525
90,90,2008,MO,14001256.15,14555903.09,96.18953948,11/1/08,DEMOCRAT,1441911,49.29264787,0,2925205,0,0,MIDWEST,FALSE,20,TRUE,1,TRUE,71.43,TRUE,28.57,8.87,971.0208293
91,91,2008,MO,554646.94,14555903.09,3.810460516,11/1/08,REPUBLICAN,1445814,49.42607441,0,2925205,0,1,MIDWEST,FALSE,20,TRUE,1,TRUE,71.43,TRUE,28.57,3.4,38.36226098
92,92,2008,MS,555.01,555.01,100,11/1/08,DEMOCRAT,554662,43.00155443,0,1289865,0,0,SOUTHEAST,FALSE,20,FALSE,0,FALSE,50,FALSE,0,6,0.100062741
93,93,2008,MT,35316.08,35316.08,100,11/1/08,DEMOCRAT,231667,47.26846477,0,490109,0,0,ROCKY MOUNTAINS,FALSE,20,FALSE,1,FALSE,50,FALSE,14.29,8.25,15.24432914
94,94,2008,NC,610686.9,707120.34,86.36251363,11/1/08,DEMOCRAT,2142651,49.7036664,0,4310851,0,1,SOUTHEAST,TRUE,5.24,TRUE,2,FALSE,71.43,FALSE,14.29,6,28.50146384
95,95,2008,NC,3513,707120.34,0.496803698,11/1/08,OTHER,39726,0.921534982,2,4310851,0.666666667,0,SOUTHEAST,TRUE,5.24,TRUE,2,FALSE,71.43,FALSE,14.29,28.69,8.84307506
96,96,2008,NC,92920.44,707120.34,13.14068267,11/1/08,REPUBLICAN,2128474,49.37479862,0,4310851,0,0,SOUTHEAST,TRUE,5.24,TRUE,2,FALSE,71.43,FALSE,14.29,3.4,4.365589618
97,97,2008,ND,485,485,100,11/1/08,REPUBLICAN,168601,53.25010028,0,316621,0,1,MIDWEST,FALSE,20,FALSE,0,FALSE,50,FALSE,0,0.17,0.287661402
98,98,2008,NE,115977.85,118170.75,98.14429544,11/1/08,DEMOCRAT,333319,41.59826578,0,801281,0,0,MIDWEST,FALSE,20,FALSE,0,FALSE,50,FALSE,0,8.87,34.79485118
99,99,2008,NE,1184.7,118170.75,1.002532353,11/1/08,OTHER,14983,1.869880853,1,801281,0.2,0,MIDWEST,FALSE,20,FALSE,0,FALSE,50,FALSE,0,28.69,7.906961226
100,100,2008,NE,1008.2,118170.75,0.853172211,11/1/08,REPUBLICAN,452979,56.53185337,0,801281,0,1,MIDWEST,FALSE,20,FALSE,0,FALSE,50,FALSE,0,0.17,0.222571024
101,101,2008,NH,142887.71,310847.05,45.96720799,11/1/08,DEMOCRAT,384826,54.12689706,0,710970,0,1,NORTHEAST,TRUE,4.19,TRUE,2,TRUE,71.43,FALSE,14.29,56.9,37.13047195
102,102,2008,NH,19467.33,310847.05,6.262671626,11/1/08,OTHER,9610,1.351674473,1,710970,0.333333333,0,NORTHEAST,TRUE,4.19,TRUE,2,TRUE,71.43,FALSE,14.29,28.69,202.5736733
103,103,2008,NH,148492.01,310847.05,47.77012039,11/1/08,REPUBLICAN,316534,44.52142847,0,710970,0,0,NORTHEAST,TRUE,4.19,TRUE,2,TRUE,71.43,FALSE,14.29,0.17,46.91186729
104,104,2008,NJ,148134.94,289143.12,51.23239315,11/1/08,DEMOCRAT,2215422,57.27213715,0,3868237,0,1,MIDATLANTIC,FALSE,20,FALSE,0,FALSE,50,FALSE,100,16.66,6.686533762
105,105,2008,NJ,17.37,289143.12,0.006007406,11/1/08,OTHER,39608,1.023928989,0,3868237,0,0,MIDATLANTIC,FALSE,20,FALSE,0,FALSE,50,FALSE,100,1.48,0.04385478
106,106,2008,NJ,140990.81,289143.12,48.76159945,11/1/08,REPUBLICAN,1613207,41.70393386,0,3868237,0,0,MIDATLANTIC,FALSE,20,FALSE,0,FALSE,50,FALSE,100,0.17,8.73978417
107,107,2008,NM,24454.99,25844.29,94.62434449,11/1/08,DEMOCRAT,472422,56.90748026,0,830158,0,1,SOUTHWEST,FALSE,20,TRUE,2,TRUE,71.43,FALSE,85.71,0.45,5.176513795
108,108,2008,NM,389.37,25844.29,1.506599717,11/1/08,OTHER,10904,1.313484903,0,830158,0,0,SOUTHWEST,FALSE,20,TRUE,2,TRUE,71.43,FALSE,85.71,1.48,3.570891416
109,109,2008,NM,999.93,25844.29,3.869055795,11/1/08,REPUBLICAN,346832,41.77903483,0,830158,0,0,SOUTHWEST,FALSE,20,TRUE,2,TRUE,71.43,FALSE,85.71,0.17,0.288303847
110,110,2008,NV,166236.8,204043.84,81.47111915,11/1/08,DEMOCRAT,533736,55.14667592,0,967848,0,1,ROCKY MOUNTAINS,TRUE,4.48,TRUE,2,TRUE,85.71,FALSE,71.43,8.25,31.14588486
111,111,2008,NV,240,204043.84,0.117621782,11/1/08,OTHER,21285,2.199208967,0,967848,0,0,ROCKY MOUNTAINS,TRUE,4.48,TRUE,2,TRUE,85.71,FALSE,71.43,1.48,1.127554619
112,112,2008,NV,37567.04,204043.84,18.41125907,11/1/08,REPUBLICAN,412827,42.65411511,0,967848,0,0,ROCKY MOUNTAINS,TRUE,4.48,TRUE,2,TRUE,85.71,FALSE,71.43,26.17,9.099947435
113,113,2008,NY,5981659.2,6137677.25,97.45802779,11/1/08,DEMOCRAT,4645332,60.15696154,0,7722019,0,1,MIDATLANTIC,FALSE,20,FALSE,0,FALSE,50,FALSE,100,16.66,128.7670978
114,114,2008,NY,11102.87,6137677.25,0.180896935,11/1/08,OTHER,658364,8.525801348,1,7722019,0.1,0,MIDATLANTIC,FALSE,20,FALSE,0,FALSE,50,FALSE,100,1.48,1.686433345
115,115,2008,NY,144915.18,6137677.25,2.361075275,11/1/08,REPUBLICAN,2418323,31.31723711,0,7722019,0,0,MIDATLANTIC,FALSE,20,FALSE,0,FALSE,50,FALSE,100,26.17,5.992383152
116,116,2008,OH,10894685.1,11772702.56,92.54192098,11/1/08,DEMOCRAT,2940044,51.50427006,0,5708350,0,1,MIDWEST,TRUE,4.21,TRUE,3,TRUE,100,FALSE,57.14,8.87,370.5619746
117,117,2008,OH,1872.59,11772702.56,0.015906203,11/1/08,OTHER,90486,1.585151576,1,5708350,0.166666667,0,MIDWEST,TRUE,4.21,TRUE,3,TRUE,100,FALSE,57.14,1.48,2.069480326
118,118,2008,OH,876144.87,11772702.56,7.442172819,11/1/08,REPUBLICAN,2677820,46.91057836,0,5708350,0,0,MIDWEST,TRUE,4.21,TRUE,3,TRUE,100,FALSE,57.14,26.17,32.71858713
119,119,2008,OK,897.45,8314.29,10.7940666,11/1/08,DEMOCRAT,502496,34.35491888,0,1462661,0,0,SOUTHWEST,FALSE,20,FALSE,0,FALSE,50,FALSE,0,0.45,0.178598437
120,120,2008,OK,7416.84,8314.29,89.2059334,11/1/08,REPUBLICAN,960165,65.64508112,0,1462661,0,1,SOUTHWEST,FALSE,20,FALSE,0,FALSE,50,FALSE,0,26.17,0.772454734
121,121,2008,OR,35169.75,54346.35,64.71409763,11/1/08,DEMOCRAT,1037291,56.74880626,0,1827864,0,1,PACIFIC COAST,FALSE,20,FALSE,0,FALSE,50,FALSE,100,2.87,3.390538431
122,122,2008,OR,19176.6,54346.35,35.28590237,11/1/08,OTHER,52098,2.850212051,0,1827864,0,0,PACIFIC COAST,FALSE,20,FALSE,0,FALSE,50,FALSE,100,28.27,36.80870667
123,123,2008,PA,68639482.06,68762978.73,99.82040238,11/1/08,DEMOCRAT,3276363,54.48552801,0,6013272,0,1,MIDATLANTIC,TRUE,5.9,TRUE,1,TRUE,71.43,FALSE,14.29,16.66,2094.990148
124,124,2008,PA,14336.39,68762978.73,0.020848995,11/1/08,OTHER,81024,1.347419508,1,6013272,0.25,0,MIDATLANTIC,TRUE,5.9,TRUE,1,TRUE,71.43,FALSE,14.29,28.27,17.69400424
125,125,2008,PA,109160.28,68762978.73,0.15874862,11/1/08,REPUBLICAN,2655885,44.16705248,0,6013272,0,0,MIDATLANTIC,TRUE,5.9,TRUE,1,TRUE,71.43,FALSE,14.29,26.17,4.110128255
126,126,2008,RI,544798.31,544798.31,100,11/1/08,DEMOCRAT,296571,62.86400461,0,471766,0,1,NORTHEAST,FALSE,20,FALSE,0,FALSE,50,FALSE,100,56.9,183.6991176
127,127,2008,SC,577227.95,800290.08,72.12734038,11/1/08,DEMOCRAT,862449,44.89656002,0,1920969,0,0,SOUTHEAST,FALSE,20,FALSE,0,FALSE,50,FALSE,0,6,66.92893725
128,128,2008,SC,2315,800290.08,0.289270111,11/1/08,OTHER,23624,1.229796004,0,1920969,0,0,SOUTHEAST,FALSE,20,FALSE,0,FALSE,50,FALSE,0,28.27,9.799356598
129,129,2008,SC,220747.13,800290.08,27.58338951,11/1/08,REPUBLICAN,1034896,53.87364398,0,1920969,0,1,SOUTHEAST,FALSE,20,FALSE,0,FALSE,50,FALSE,0,26.17,21.33036846
130,130,2008,SD,20339.43,31370.42,64.83633308,11/1/08,DEMOCRAT,170924,44.74743111,0,381975,0,0,MIDWEST,FALSE,20,FALSE,0,FALSE,50,FALSE,0,8.87,11.89969226
131,131,2008,SD,3704.6,31370.42,11.8092139,11/1/08,OTHER,7997,2.093592513,0,381975,0,0,MIDWEST,FALSE,20,FALSE,0,FALSE,50,FALSE,0,28.27,46.32487182
132,132,2008,SD,7326.39,31370.42,23.35445302,11/1/08,REPUBLICAN,203054,53.15897637,0,381975,0,1,MIDWEST,FALSE,20,FALSE,0,FALSE,50,FALSE,0,26.17,3.608099324
133,133,2008,TN,10353.68,43254.37,23.93672593,11/1/08,DEMOCRAT,1087437,41.82853806,0,2599749,0,0,SOUTHEAST,FALSE,20,TRUE,1,TRUE,71.43,TRUE,28.57,6,0.952117686
134,134,2008,TN,2572.69,43254.37,5.947815215,11/1/08,OTHER,33134,1.274507654,0,2599749,0,0,SOUTHEAST,FALSE,20,TRUE,1,TRUE,71.43,TRUE,28.57,28.27,7.76450172
135,135,2008,TN,30328,43254.37,70.11545885,11/1/08,REPUBLICAN,1479178,56.89695428,0,2599749,0,1,SOUTHEAST,FALSE,20,TRUE,1,TRUE,71.43,TRUE,28.57,26.17,2.050327952
136,136,2008,TX,2087315.66,2947941.7,70.80586634,11/1/08,DEMOCRAT,3528633,43.68312145,0,8077795,0,0,SOUTHWEST,FALSE,20,FALSE,0,FALSE,50,FALSE,0,0.45,59.15366262
137,137,2008,TX,23801.14,2947941.7,0.807381639,11/1/08,OTHER,69834,0.864518102,2,8077795,0.666666667,0,SOUTHWEST,FALSE,20,FALSE,0,FALSE,50,FALSE,0,28.27,34.08245269
138,138,2008,TX,836824.9,2947941.7,28.38675202,11/1/08,REPUBLICAN,4479328,55.45236045,0,8077795,0,1,SOUTHWEST,FALSE,20,FALSE,0,FALSE,50,FALSE,0,26.17,18.68192952
139,139,2008,UT,12503.01,268395.34,4.658430359,11/1/08,DEMOCRAT,327670,34.40574567,0,952370,0,0,ROCKY MOUNTAINS,FALSE,20,FALSE,0,FALSE,50,FALSE,0,8.25,3.815732292
140,140,2008,UT,842.56,268395.34,0.313924974,11/1/08,OTHER,28670,3.010384619,1,952370,0.166666667,0,ROCKY MOUNTAINS,FALSE,20,FALSE,0,FALSE,50,FALSE,0,28.27,2.938821072
141,141,2008,UT,255049.77,268395.34,95.02764467,11/1/08,REPUBLICAN,596030,62.58386971,0,952370,0,1,ROCKY MOUNTAINS,FALSE,20,FALSE,0,FALSE,50,FALSE,0,26.17,42.79143164
142,142,2008,VA,4722509.97,52325000.82,9.025341416,11/1/08,DEMOCRAT,1959532,52.62946987,0,3723260,0,1,SOUTHEAST,TRUE,5.45,TRUE,1,FALSE,71.43,FALSE,42.86,6,241.0019316
143,143,2008,VA,130905.83,52325000.82,0.250178362,11/1/08,OTHER,38723,1.040029437,1,3723260,0.2,0,SOUTHEAST,TRUE,5.45,TRUE,1,FALSE,71.43,FALSE,42.86,28.27,338.0570461
144,144,2008,VA,47471585.02,52325000.82,90.72448022,11/1/08,REPUBLICAN,1725005,46.33050069,0,3723260,0,0,SOUTHEAST,TRUE,5.45,TRUE,1,FALSE,71.43,FALSE,42.86,26.17,2751.967966
145,145,2008,VT,80.84,80.84,100,11/1/08,DEMOCRAT,219262,67.4556832,0,325046,0,1,NORTHEAST,FALSE,20,FALSE,0,FALSE,50,FALSE,100,56.9,0.036869134
146,146,2008,WA,618250.99,631404.57,97.91677466,11/1/08,DEMOCRAT,1750848,57.65289221,0,3036878,0,1,PACIFIC COAST,FALSE,20,FALSE,0,FALSE,50,FALSE,100,2.87,35.31151705
147,147,2008,WA,4706.23,631404.57,0.745358875,11/1/08,OTHER,56814,1.870802844,0,3036878,0,0,PACIFIC COAST,FALSE,20,FALSE,0,FALSE,50,FALSE,100,28.27,8.28357447
148,148,2008,WA,8447.35,631404.57,1.337866465,11/1/08,REPUBLICAN,1229216,40.47630494,0,3036878,0,0,PACIFIC COAST,FALSE,20,FALSE,0,FALSE,50,FALSE,100,0.5,0.687214452
149,149,2008,WI,1012758.53,1019576.31,99.33131244,11/1/08,DEMOCRAT,1677211,56.21778652,0,2983417,0,1,MIDWEST,TRUE,5.26,TRUE,1,FALSE,71.43,FALSE,14.29,8.87,60.38348962
150,150,2008,WI,270.25,1019576.31,0.026506108,11/1/08,OTHER,43813,1.468550994,0,2983417,0,0,MIDWEST,TRUE,5.26,TRUE,1,FALSE,71.43,FALSE,14.29,4.27,0.616826051
151,151,2008,WI,6547.53,1019576.31,0.642181457,11/1/08,REPUBLICAN,1262393,42.31366249,0,2983417,0,0,MIDWEST,TRUE,5.26,TRUE,1,FALSE,71.43,FALSE,14.29,0.5,0.518660196
152,152,2008,WV,15608.38,30966.3,50.40440737,11/1/08,DEMOCRAT,303857,42.58975038,0,713451,0,0,SOUTHEAST,FALSE,20,TRUE,1,TRUE,71.43,TRUE,28.57,6,5.136751827
153,153,2008,WV,1657.92,30966.3,5.353949293,11/1/08,OTHER,12128,1.699906511,1,713451,0.25,0,SOUTHEAST,FALSE,20,TRUE,1,TRUE,71.43,TRUE,28.57,4.27,13.6701847
154,154,2008,WV,13700,30966.3,44.24164333,11/1/08,REPUBLICAN,397466,55.71034311,0,713451,0,1,SOUTHEAST,FALSE,20,TRUE,1,TRUE,71.43,TRUE,28.57,0.5,3.446835704
155,155,2008,WY,1600,5547,28.84442041,11/1/08,DEMOCRAT,82868,32.50949377,0,254904,0,0,ROCKY MOUNTAINS,FALSE,20,FALSE,0,FALSE,50,FALSE,0,8.25,1.930781484
156,156,2008,WY,1530,5547,27.58247701,11/1/08,OTHER,7078,2.776731632,1,254904,0.25,0,ROCKY MOUNTAINS,FALSE,20,FALSE,0,FALSE,50,FALSE,0,4.27,21.61627578
157,157,2008,WY,2417,5547,43.57310258,11/1/08,REPUBLICAN,164958,64.7137746,0,254904,0,1,ROCKY MOUNTAINS,FALSE,20,FALSE,0,FALSE,50,FALSE,0,0.5,1.46522145
158,158,2012,AL,2142,2142,100,11/1/12,OTHER,22717,1.095144571,1,2074338,0.5,0,SOUTHEAST,FALSE,20,FALSE,0,FALSE,50,FALSE,0,29.9,9.429061936
159,159,2012,AR,3939.75,29084.89,13.54569331,11/1/12,DEMOCRAT,394409,36.8789903,0,1069468,0,0,SOUTHEAST,FALSE,20,TRUE,1,TRUE,71.43,FALSE,28.57,93.19,0.998899619
160,160,2012,AR,25145.14,29084.89,86.45430669,11/1/12,REPUBLICAN,647744,60.56693608,0,1069468,0,1,SOUTHEAST,FALSE,20,TRUE,1,TRUE,71.43,FALSE,28.57,2.88,3.881956452
161,161,2012,AZ,-37802.53,5284452.17,-0.715353811,11/1/12,DEMOCRAT,1025232,44.58976694,0,2299254,0,0,SOUTHWEST,TRUE,6.02,TRUE,2,FALSE,71.43,FALSE,14.29,93.19,-3.687217136
162,162,2012,AZ,4767504.26,5284452.17,90.21756857,11/1/12,OTHER,40368,1.755699892,1,2299254,0.333333333,0,SOUTHWEST,TRUE,6.02,TRUE,2,FALSE,71.43,FALSE,14.29,29.9,11810.10766
163,163,2012,AZ,554750.44,5284452.17,10.49778524,11/1/12,REPUBLICAN,1233654,53.65453317,0,2299254,0,1,SOUTHWEST,TRUE,6.02,TRUE,2,FALSE,71.43,FALSE,14.29,2.88,44.9680737
164,164,2012,CA,5172999.56,9394107.54,55.06642901,11/1/12,DEMOCRAT,7854285,60.23895914,0,13038547,0,1,PACIFIC COAST,FALSE,20,FALSE,0,FALSE,50,FALSE,100,93.19,65.86213207
165,165,2012,CA,2612214.79,9394107.54,27.80695004,11/1/12,OTHER,344304,2.640662338,1,13038547,0.2,0,PACIFIC COAST,FALSE,20,FALSE,0,FALSE,50,FALSE,100,29.9,758.6942906
166,166,2012,CA,1608893.19,9394107.54,17.12662095,11/1/12,REPUBLICAN,4839958,37.12037852,0,13038547,0,0,PACIFIC COAST,FALSE,20,FALSE,0,FALSE,50,FALSE,100,2.88,33.2418833
167,167,2012,CO,3424201.05,4439423.52,77.13165988,11/1/12,DEMOCRAT,1323101,51.49222655,0,2569516,0,1,ROCKY MOUNTAINS,TRUE,5.41,TRUE,2,TRUE,71.43,TRUE,57.14,93.19,258.8011837
168,168,2012,CO,936532.25,4439423.52,21.09580773,11/1/12,OTHER,61172,2.380681809,0,2569516,0,0,ROCKY MOUNTAINS,TRUE,5.41,TRUE,2,TRUE,71.43,TRUE,57.14,29.9,1530.981904
169,169,2012,CO,78690.22,4439423.52,1.772532394,11/1/12,REPUBLICAN,1185243,46.12709164,0,2569516,0,0,ROCKY MOUNTAINS,TRUE,5.41,TRUE,2,TRUE,71.43,TRUE,57.14,2.88,6.639163446
170,170,2012,CT,9162,43890.45,20.87470053,11/1/12,OTHER,18229,1.169872494,1,1558204,0.333333333,0,NORTHEAST,FALSE,20,FALSE,0,FALSE,50,FALSE,100,29.9,50.2605738
171,171,2012,CT,34728.45,43890.45,79.12529947,11/1/12,REPUBLICAN,634892,40.74511425,0,1558204,0,0,NORTHEAST,FALSE,20,FALSE,0,FALSE,50,FALSE,100,2.88,5.469977571
172,172,2012,DC,472250866.4,505301549.9,93.4592159,11/1/12,DEMOCRAT,267070,90.91311393,0,293764,0,1,MIDATLANTIC,FALSE,20,FALSE,0,FALSE,50,FALSE,100,93.19,176826.6247
173,173,2012,DC,32989140.58,505301549.9,6.528604669,11/1/12,OTHER,5313,1.808594654,1,293764,0.333333333,0,MIDATLANTIC,FALSE,20,FALSE,0,FALSE,50,FALSE,100,29.9,620913.619
174,174,2012,DC,61542.86,505301549.9,0.012179432,11/1/12,REPUBLICAN,21381,7.278291418,0,293764,0,0,MIDATLANTIC,FALSE,20,FALSE,0,FALSE,50,FALSE,100,2.88,287.8390097
175,175,2012,DE,739,5739,12.87680781,11/1/12,OTHER,5822,1.406653942,0,413890,0,0,MIDATLANTIC,FALSE,20,FALSE,0,FALSE,50,FALSE,100,0.64,12.69323257
176,176,2012,DE,5000,5739,87.12319219,11/1/12,REPUBLICAN,165484,39.98260407,0,413890,0,0,MIDATLANTIC,FALSE,20,FALSE,0,FALSE,50,FALSE,100,9.71,3.021440139
177,177,2012,FL,1538084.35,2104621.01,73.0812979,11/1/12,DEMOCRAT,4237756,50.00786507,0,8474179,0,1,SOUTHEAST,TRUE,2.5,TRUE,4,TRUE,85.71,TRUE,42.86,3.08,36.29478313
178,178,2012,FL,7319.34,2104621.01,0.347774728,11/1/12,OTHER,72976,0.861157169,1,8474179,0.090909091,0,SOUTHEAST,TRUE,2.5,TRUE,4,TRUE,85.71,TRUE,42.86,0.64,10.02979061
179,179,2012,FL,559217.32,2104621.01,26.57092737,11/1/12,REPUBLICAN,4163447,49.13097776,0,8474179,0,0,SOUTHEAST,TRUE,2.5,TRUE,4,TRUE,85.71,TRUE,42.86,9.71,13.43159454
180,180,2012,GA,493972.91,790653.57,62.47652939,11/1/12,DEMOCRAT,1773827,45.50795967,0,3897839,0,0,SOUTHEAST,TRUE,6.88,FALSE,1,FALSE,71.43,FALSE,14.29,3.08,27.84786284
181,181,2012,GA,667,790653.57,0.084360588,11/1/12,OTHER,45324,1.162798156,0,3897839,0,0,SOUTHEAST,TRUE,6.88,FALSE,1,FALSE,71.43,FALSE,14.29,0.64,1.471626513
182,182,2012,GA,296013.66,790653.57,37.43911003,11/1/12,REPUBLICAN,2078688,53.32924218,0,3897839,0,1,SOUTHEAST,TRUE,6.88,FALSE,1,FALSE,71.43,FALSE,14.29,9.71,14.24040837
183,183,2012,IA,11162.25,339922.05,3.283767558,11/1/12,DEMOCRAT,822544,51.98801653,0,1582180,0,1,MIDWEST,TRUE,6.01,TRUE,3,TRUE,85.71,FALSE,71.43,3.08,1.357039867
184,184,2012,IA,328759.8,339922.05,96.71623244,11/1/12,REPUBLICAN,730617,46.17786851,0,1582180,0,0,MIDWEST,TRUE,6.01,TRUE,3,TRUE,85.71,FALSE,71.43,9.71,44.99755686
185,185,2012,ID,2700,2700,100,11/1/12,DEMOCRAT,212787,32.62233356,0,652274,0,0,ROCKY MOUNTAINS,FALSE,20,FALSE,0,FALSE,50,FALSE,0,3.08,1.268874508
186,186,2012,IL,2656506.08,3088472.93,86.01357824,11/1/12,DEMOCRAT,3019512,57.60213536,0,5242014,0,1,MIDWEST,FALSE,20,FALSE,0,FALSE,50,FALSE,100,3.08,87.9779938
187,187,2012,IL,413995.91,3088472.93,13.40455038,11/1/12,OTHER,87286,1.665123367,1,5242014,0.333333333,0,MIDWEST,FALSE,20,FALSE,0,FALSE,50,FALSE,100,0.64,474.2981805
188,188,2012,IL,17970.94,3088472.93,0.581871378,11/1/12,REPUBLICAN,2135216,40.73274127,0,5242014,0,0,MIDWEST,FALSE,20,FALSE,0,FALSE,50,FALSE,100,9.71,0.841645061
189,189,2012,IN,499,33642.41,1.48324689,11/1/12,OTHER,51104,1.947164716,1,2624534,0.5,0,MIDWEST,FALSE,20,TRUE,2,FALSE,71.43,TRUE,14.29,0.64,0.9764402
190,190,2012,IN,33143.41,33642.41,98.51675311,11/1/12,REPUBLICAN,1420543,54.12553238,0,2624534,0,1,MIDWEST,FALSE,20,TRUE,2,FALSE,71.43,TRUE,14.29,9.71,2.333150774
191,191,2012,KY,6736.25,8436.25,79.8488665,11/1/12,DEMOCRAT,679370,37.80132783,0,1797212,0,0,SOUTHEAST,FALSE,20,TRUE,1,TRUE,71.43,TRUE,28.57,3.08,0.991543636
192,192,2012,KY,1700,8436.25,20.1511335,11/1/12,REPUBLICAN,1087190,60.4931416,0,1797212,0,1,SOUTHEAST,FALSE,20,TRUE,1,TRUE,71.43,TRUE,28.57,9.71,0.156366412
193,193,2012,LA,431,134331,0.320849246,11/1/12,OTHER,32662,1.637960648,0,1994065,0,0,SOUTHEAST,FALSE,20,TRUE,1,TRUE,71.43,TRUE,28.57,0.64,1.319576268
194,194,2012,LA,133900,134331,99.67915075,11/1/12,REPUBLICAN,1152262,57.78457573,0,1994065,0,1,SOUTHEAST,FALSE,20,TRUE,1,TRUE,71.43,TRUE,28.57,9.71,11.620621
195,195,2012,MA,3074312.36,217970448.2,1.410426223,11/1/12,DEMOCRAT,1921290,60.33830832,0,3184196,0,1,NORTHEAST,FALSE,20,FALSE,0,FALSE,50,FALSE,100,3.08,160.0129267
196,196,2012,MA,185548.22,217970448.2,0.085125402,11/1/12,OTHER,74592,2.342569364,0,3184196,0,0,NORTHEAST,FALSE,20,FALSE,0,FALSE,50,FALSE,100,0.19,248.7508316
197,197,2012,MA,214710587.6,217970448.2,98.50444837,11/1/12,REPUBLICAN,1188314,37.31912232,0,3184196,0,0,NORTHEAST,FALSE,20,FALSE,0,FALSE,50,FALSE,100,9.71,18068.5061
198,198,2012,MD,966983.28,5040562.78,19.18403405,11/1/12,DEMOCRAT,1677844,61.97419078,0,2707327,0,1,MIDATLANTIC,FALSE,20,FALSE,0,FALSE,50,FALSE,100,3.08,57.63249027
199,199,2012,MD,2225552.39,5040562.78,44.15285529,11/1/12,OTHER,57614,2.128076882,1,2707327,0.333333333,0,MIDATLANTIC,FALSE,20,FALSE,0,FALSE,50,FALSE,100,0.19,3862.867341
200,200,2012,MD,1848027.11,5040562.78,36.66311066,11/1/12,REPUBLICAN,971869,35.89773234,0,2707327,0,0,MIDATLANTIC,FALSE,20,FALSE,0,FALSE,50,FALSE,100,9.71,190.1518733
201,201,2012,ME,1083.75,7306.18,14.83333288,11/1/12,DEMOCRAT,401306,55.37103419,0,724758,0,1,NORTHEAST,FALSE,20,FALSE,0,FALSE,50,FALSE,100,3.08,0.270055768
202,202,2012,ME,6222.43,7306.18,85.16666712,11/1/12,REPUBLICAN,292276,40.32739204,0,724758,0,0,NORTHEAST,FALSE,20,FALSE,0,FALSE,50,FALSE,100,9.71,2.128956876
203,203,2012,MI,13321.22,371001.13,3.590614401,11/1/12,DEMOCRAT,2564569,54.20820421,0,4730961,0,1,MIDWEST,FALSE,20,TRUE,1,TRUE,71.43,TRUE,14.29,0.85,0.51943309
204,204,2012,MI,357679.91,371001.13,96.4093856,11/1/12,REPUBLICAN,2115256,44.71091603,0,4730961,0,0,MIDWEST,FALSE,20,TRUE,1,TRUE,71.43,TRUE,14.29,72.96,16.90953294
205,205,2012,MN,390518.22,20474925.04,1.907299876,11/1/12,DEMOCRAT,1546167,52.65230315,0,2936561,0,1,MIDWEST,FALSE,20,FALSE,0,FALSE,50,FALSE,100,0.85,25.25718243
206,206,2012,MN,337050.29,20474925.04,1.646161289,11/1/12,OTHER,70169,2.38949574,1,2936561,0.111111111,0,MIDWEST,FALSE,20,FALSE,0,FALSE,50,FALSE,100,0.19,480.3407345
207,207,2012,MN,19747356.53,20474925.04,96.44653883,11/1/12,REPUBLICAN,1320225,44.95820111,0,2936561,0,0,MIDWEST,FALSE,20,FALSE,0,FALSE,50,FALSE,100,72.96,1495.7569
208,208,2012,MO,12413641.21,12423741.21,99.91870404,11/1/12,DEMOCRAT,1223796,44.38348355,0,2757323,0,0,MIDWEST,FALSE,20,TRUE,1,TRUE,71.43,TRUE,28.57,0.85,1014.355433
209,209,2012,MO,3100,12423741.21,0.024952226,11/1/12,OTHER,51087,1.852775319,0,2757323,0,0,MIDWEST,FALSE,20,TRUE,1,TRUE,71.43,TRUE,28.57,2.2,6.068079911
210,210,2012,MO,7000,12423741.21,0.056343736,11/1/12,REPUBLICAN,1482440,53.76374114,0,2757323,0,1,MIDWEST,FALSE,20,TRUE,1,TRUE,71.43,TRUE,28.57,72.96,0.472194487
211,211,2012,NC,15214.6,22712.39,66.98810649,11/1/12,DEMOCRAT,2178391,48.35096858,0,4505372,0,0,SOUTHEAST,TRUE,5.24,TRUE,2,FALSE,71.43,FALSE,14.29,0.85,0.698432926
212,212,2012,NC,639,22712.39,2.813442355,11/1/12,OTHER,56586,1.255967321,1,4505372,0.5,0,SOUTHEAST,TRUE,5.24,TRUE,2,FALSE,71.43,FALSE,14.29,2.2,1.129254586
213,213,2012,NC,6858.79,22712.39,30.19845115,11/1/12,REPUBLICAN,2270395,50.3930641,0,4505372,0,1,SOUTHEAST,TRUE,5.24,TRUE,2,FALSE,71.43,FALSE,14.29,72.96,0.302096772
214,214,2012,ND,33659.35,33659.35,100,11/1/12,REPUBLICAN,188320,58.31568256,0,322932,0,1,MIDWEST,FALSE,20,FALSE,0,FALSE,50,FALSE,0,72.96,17.87348662
215,215,2012,NE,39806.8,48510.67,82.05782357,11/1/12,DEMOCRAT,302081,38.02731442,0,794379,0,0,MIDWEST,FALSE,20,FALSE,0,FALSE,50,FALSE,0,1.03,13.17752523
216,216,2012,NE,8416.15,48510.67,17.3490698,11/1/12,OTHER,17234,2.169493403,1,794379,0.333333333,0,MIDWEST,FALSE,20,FALSE,0,FALSE,50,FALSE,0,2.2,48.83457119
217,217,2012,NE,287.72,48510.67,0.59310663,11/1/12,REPUBLICAN,475064,59.80319218,0,794379,0,1,MIDWEST,FALSE,20,FALSE,0,FALSE,50,FALSE,0,0.55,0.060564471
218,218,2012,NH,8441.42,171126.23,4.932861549,11/1/12,DEMOCRAT,369561,51.97968415,0,710972,0,1,NORTHEAST,TRUE,4.19,TRUE,2,TRUE,71.43,FALSE,14.29,1.03,2.284175008
219,219,2012,NH,29006.25,171126.23,16.95020687,11/1/12,OTHER,11493,1.616519357,1,710972,0.25,0,NORTHEAST,TRUE,4.19,TRUE,2,TRUE,71.43,FALSE,14.29,0.83,252.3818846
220,220,2012,NH,133678.56,171126.23,78.11693158,11/1/12,REPUBLICAN,329918,46.40379649,0,710972,0,0,NORTHEAST,TRUE,4.19,TRUE,2,TRUE,71.43,FALSE,14.29,0.55,40.51872284
221,221,2012,NJ,174340.52,244587.59,71.27938094,11/1/12,DEMOCRAT,2122786,58.34235491,0,3638499,0,1,MIDATLANTIC,FALSE,20,FALSE,0,FALSE,50,FALSE,100,0.68,8.212816554
222,222,2012,NJ,8325.43,244587.59,3.40386444,11/1/12,OTHER,37625,1.034080262,0,3638499,0,0,MIDATLANTIC,FALSE,20,FALSE,0,FALSE,50,FALSE,100,0.83,22.12738871
223,223,2012,NJ,61921.64,244587.59,25.31675462,11/1/12,REPUBLICAN,1478088,40.62356483,0,3638499,0,0,MIDATLANTIC,FALSE,20,FALSE,0,FALSE,50,FALSE,100,0.55,4.189306725
224,224,2012,NM,17776.34,539495.72,3.294991849,11/1/12,DEMOCRAT,415335,52.99276052,0,783758,0,1,SOUTHWEST,FALSE,20,TRUE,2,TRUE,71.43,FALSE,85.71,0.68,4.280000481
225,225,2012,NM,50540.94,539495.72,9.368181827,11/1/12,OTHER,32635,4.16391284,0,783758,0,0,SOUTHWEST,FALSE,20,TRUE,2,TRUE,71.43,FALSE,85.71,0.83,154.8672897
226,226,2012,NM,471178.44,539495.72,87.33682632,11/1/12,REPUBLICAN,335788,42.84332664,0,783758,0,0,SOUTHWEST,FALSE,20,TRUE,2,TRUE,71.43,FALSE,85.71,0.09,140.3202139
227,227,2012,NV,43891.06,232380.99,18.88754325,11/1/12,DEMOCRAT,531373,52.35624947,0,1014918,0,1,ROCKY MOUNTAINS,TRUE,4.48,TRUE,2,TRUE,85.71,FALSE,71.43,0.68,8.259934169
228,228,2012,NV,188489.93,232380.99,81.11245675,11/1/12,REPUBLICAN,463567,45.67531564,0,1014918,0,0,ROCKY MOUNTAINS,TRUE,4.48,TRUE,2,TRUE,85.71,FALSE,71.43,0.09,40.66077396
229,229,2012,NY,2666154.99,3327161.41,80.13302216,11/1/12,DEMOCRAT,4324228,60.76098417,0,7116784,0,1,MIDATLANTIC,FALSE,20,FALSE,0,FALSE,50,FALSE,100,0.68,61.65620754
230,230,2012,NY,624601.66,3327161.41,18.7728091,11/1/12,OTHER,569159,7.997418497,1,7116784,0.125,0,MIDATLANTIC,FALSE,20,FALSE,0,FALSE,50,FALSE,100,62.19,109.7411549
231,231,2012,NY,36404.76,3327161.41,1.094168738,11/1/12,REPUBLICAN,2223397,31.24159733,0,7116784,0,0,MIDATLANTIC,FALSE,20,FALSE,0,FALSE,50,FALSE,100,0.09,1.637348616
232,232,2012,OH,115187.5,8094917.77,1.422960718,11/1/12,DEMOCRAT,2827621,50.66674766,0,5580822,0,1,MIDWEST,TRUE,4.21,TRUE,3,TRUE,100,FALSE,57.14,0.62,4.073654143
233,233,2012,OH,7979730.27,8094917.77,98.57703928,11/1/12,REPUBLICAN,2661407,47.68844088,0,5580822,0,0,MIDWEST,TRUE,4.21,TRUE,3,TRUE,100,FALSE,57.14,0.09,299.8312648
234,234,2012,OK,21166.71,25103.83,84.31665606,11/1/12,DEMOCRAT,443547,33.22768026,0,1334872,0,0,SOUTHWEST,FALSE,20,FALSE,0,FALSE,50,FALSE,0,0.62,4.772145905
235,235,2012,OK,3937.12,25103.83,15.68334394,11/1/12,REPUBLICAN,891325,66.77231974,0,1334872,0,1,SOUTHWEST,FALSE,20,FALSE,0,FALSE,50,FALSE,0,13.1,0.441715424
236,236,2012,OR,25000,35000,71.42857143,11/1/12,OTHER,64607,3.610802171,0,1789270,0,0,PACIFIC COAST,FALSE,20,FALSE,0,FALSE,50,FALSE,100,62.19,38.69549739
237,237,2012,OR,10000,35000,28.57142857,11/1/12,REPUBLICAN,754175,42.14987118,0,1789270,0,0,PACIFIC COAST,FALSE,20,FALSE,0,FALSE,50,FALSE,100,13.1,1.325952199
238,238,2012,PA,27137.55,6506273.21,0.417098224,11/1/12,DEMOCRAT,2990274,52.0768577,0,5742040,0,1,MIDATLANTIC,TRUE,5.9,TRUE,1,TRUE,71.43,FALSE,14.29,0.62,0.907527203
239,239,2012,PA,6511.55,6506273.21,0.100081103,11/1/12,OTHER,71332,1.242276264,0,5742040,0,0,MIDATLANTIC,TRUE,5.9,TRUE,1,TRUE,71.43,FALSE,14.29,62.19,9.128511738
240,240,2012,PA,6472624.11,6506273.21,99.48282067,11/1/12,REPUBLICAN,2680434,46.68086603,0,5742040,0,0,MIDATLANTIC,TRUE,5.9,TRUE,1,TRUE,71.43,FALSE,14.29,13.1,241.4767202
241,241,2012,RI,1239759.18,1239759.18,100,11/1/12,DEMOCRAT,279677,62.70095886,0,446049,0,1,NORTHEAST,FALSE,20,FALSE,0,FALSE,50,FALSE,100,0.62,443.2824937
242,242,2012,SC,-185,667632.65,-0.027709849,11/1/12,DEMOCRAT,865941,44.08803341,0,1964118,0,0,SOUTHEAST,FALSE,20,FALSE,0,FALSE,50,FALSE,0,0.62,-0.021364042
243,243,2012,SC,667817.65,667632.65,100.0277098,11/1/12,REPUBLICAN,1071645,54.56113126,0,1964118,0,1,SOUTHEAST,FALSE,20,FALSE,0,FALSE,50,FALSE,0,13.1,62.31705926
244,244,2012,SD,994.5,1994.5,49.86212083,11/1/12,DEMOCRAT,145039,39.86614076,0,363815,0,0,MIDWEST,FALSE,20,FALSE,0,FALSE,50,FALSE,0,0.62,0.685677645
245,245,2012,SD,1000,1994.5,50.13787917,11/1/12,REPUBLICAN,210610,57.88931188,0,363815,0,1,MIDWEST,FALSE,20,FALSE,0,FALSE,50,FALSE,0,13.1,0.474811263
246,246,2012,TN,926.38,116877.15,0.792610018,11/1/12,DEMOCRAT,960709,39.07581499,0,2458577,0,0,SOUTHEAST,FALSE,20,TRUE,1,TRUE,71.43,TRUE,28.57,0.62,0.096426701
247,247,2012,TN,4500,116877.15,3.850196553,11/1/12,OTHER,35538,1.445470286,0,2458577,0,0,SOUTHEAST,FALSE,20,TRUE,1,TRUE,71.43,TRUE,28.57,62.19,12.66250211
248,248,2012,TN,111450.77,116877.15,95.35719343,11/1/12,REPUBLICAN,1462330,59.47871472,0,2458577,0,1,SOUTHEAST,FALSE,20,TRUE,1,TRUE,71.43,TRUE,28.57,13.1,7.621451382
249,249,2012,TX,2825641.38,3877785.81,72.86739182,11/1/12,DEMOCRAT,3308124,41.38335828,0,7993851,0,0,SOUTHWEST,FALSE,20,FALSE,0,FALSE,50,FALSE,0,0.62,85.41521963
250,250,2012,TX,35078.3,3877785.81,0.904596121,11/1/12,OTHER,115884,1.449664248,1,7993851,0.333333333,0,SOUTHWEST,FALSE,20,FALSE,0,FALSE,50,FALSE,0,62.19,30.27018399
251,251,2012,TX,1017066.13,3877785.81,26.22801206,11/1/12,REPUBLICAN,4569843,57.16697747,0,7993851,0,1,SOUTHWEST,FALSE,20,FALSE,0,FALSE,50,FALSE,0,13.1,22.25604096
252,252,2012,UT,611.2,69788.75,0.875785854,11/1/12,DEMOCRAT,251813,24.74966583,0,1017440,0,0,ROCKY MOUNTAINS,FALSE,20,FALSE,0,FALSE,50,FALSE,0,0.62,0.242719796
253,253,2012,UT,60572.5,69788.75,86.79407498,11/1/12,OTHER,25027,2.459801069,1,1017440,0.166666667,0,ROCKY MOUNTAINS,FALSE,20,FALSE,0,FALSE,50,FALSE,0,62.19,242.0286091
254,254,2012,UT,8605.05,69788.75,12.33013917,11/1/12,REPUBLICAN,740600,72.7905331,0,1017440,0,1,ROCKY MOUNTAINS,FALSE,20,FALSE,0,FALSE,50,FALSE,0,13.1,1.161902511
255,255,2012,VA,1088753.76,112444224.3,0.968261169,11/1/12,DEMOCRAT,1971820,51.1564568,0,3854489,0,1,SOUTHEAST,TRUE,5.45,TRUE,1,FALSE,71.43,FALSE,42.86,0.55,55.21567692
256,256,2012,VA,74561906.67,112444224.3,66.3101259,11/1/12,OTHER,60147,1.560440307,1,3854489,0.25,0,SOUTHEAST,TRUE,5.45,TRUE,1,FALSE,71.43,FALSE,42.86,62.19,123966.1275
257,257,2012,VA,36793563.82,112444224.3,32.72161293,11/1/12,REPUBLICAN,1822522,47.2831029,0,3854489,0,0,SOUTHEAST,TRUE,5.45,TRUE,1,FALSE,71.43,FALSE,42.86,13.1,2018.826869
258,258,2012,VT,3599.08,3599.08,100,11/1/12,REPUBLICAN,92698,30.97263524,0,299290,0,0,NORTHEAST,FALSE,20,FALSE,0,FALSE,50,FALSE,100,0.69,3.882586464
259,259,2012,WA,98036.89,104541.5,93.77796378,11/1/12,DEMOCRAT,1755396,56.1633983,0,3125516,0,1,PACIFIC COAST,FALSE,20,FALSE,0,FALSE,50,FALSE,100,0.55,5.584887399
260,260,2012,WA,1933.39,104541.5,1.849399521,11/1/12,OTHER,79450,2.541980268,0,3125516,0,0,PACIFIC COAST,FALSE,20,FALSE,0,FALSE,50,FALSE,100,4.05,2.43346759
261,261,2012,WA,4571.22,104541.5,4.372636704,11/1/12,REPUBLICAN,1290670,41.29462143,0,3125516,0,0,PACIFIC COAST,FALSE,20,FALSE,0,FALSE,50,FALSE,100,0.69,0.354174189
262,262,2012,WI,89099.65,197397.92,45.13707642,11/1/12,DEMOCRAT,1620985,52.77616254,0,3071434,0,1,MIDWEST,TRUE,5.26,TRUE,1,FALSE,71.43,FALSE,14.29,0.55,5.496636305
263,263,2012,WI,3000,197397.92,1.519772853,11/1/12,OTHER,39483,1.285490751,0,3071434,0,0,MIDWEST,TRUE,5.26,TRUE,1,FALSE,71.43,FALSE,14.29,4.05,7.598206825
264,264,2012,WI,105298.27,197397.92,53.34315073,11/1/12,REPUBLICAN,1410966,45.93834671,0,3071434,0,0,MIDWEST,TRUE,5.26,TRUE,1,FALSE,71.43,FALSE,14.29,0.69,7.462849566
265,265,2012,WV,6064.34,6064.34,100,11/1/12,DEMOCRAT,238269,35.53930416,0,670438,0,0,SOUTHEAST,FALSE,20,TRUE,1,TRUE,71.43,TRUE,28.57,0.55,2.545165338
266,266,2012,WY,246.48,2746.48,8.974396318,11/1/12,OTHER,10453,4.169508698,1,250701,0.2,0,ROCKY MOUNTAINS,FALSE,20,FALSE,0,FALSE,50,FALSE,0,4.05,2.357983354
267,267,2012,WY,2500,2746.48,91.02560368,11/1/12,REPUBLICAN,170962,68.19358519,0,250701,0,1,ROCKY MOUNTAINS,FALSE,20,FALSE,0,FALSE,50,FALSE,0,0.69,1.462313263
268,268,2016,AK,2510,2510,100,11/1/16,DEMOCRAT,116454,36.55087129,0,318608,0,0,PACIFIC COAST,FALSE,20,FALSE,0,FALSE,50,FALSE,0,80.41,2.15535748
269,269,2016,AL,2180,12750,17.09803922,11/1/16,DEMOCRAT,729547,34.35794576,0,2123372,0,0,SOUTHEAST,FALSE,20,FALSE,0,FALSE,50,FALSE,0,80.41,0.298815566
270,270,2016,AL,1220,12750,9.568627451,11/1/16,OTHER,75570,3.558961878,1,2123372,0.333333333,0,SOUTHEAST,FALSE,20,FALSE,0,FALSE,50,FALSE,0,0.72,1.614397248
271,271,2016,AL,9350,12750,73.33333333,11/1/16,REPUBLICAN,1318255,62.08309236,0,2123372,0,1,SOUTHEAST,FALSE,20,FALSE,0,FALSE,50,FALSE,0,9.15,0.709270968
272,272,2016,AR,1125,1125,100,11/1/16,REPUBLICAN,684872,60.57410216,0,1130635,0,1,SOUTHEAST,FALSE,20,TRUE,1,TRUE,71.43,FALSE,28.57,9.15,0.164264271
273,273,2016,AZ,6806.3,1422500.62,0.478474308,11/1/16,DEMOCRAT,1161209,45.12765408,1,2573165,0.5,0,SOUTHWEST,TRUE,6.02,TRUE,2,FALSE,71.43,FALSE,14.29,80.41,0.586139101
274,274,2016,AZ,76226.83,1422500.62,5.358650037,11/1/16,OTHER,159555,6.200729452,5,2573165,0.714285714,0,SOUTHWEST,TRUE,6.02,TRUE,2,FALSE,71.43,FALSE,14.29,0.72,47.77464197
275,275,2016,AZ,1339467.49,1422500.62,94.16287565,11/1/16,REPUBLICAN,1252401,48.67161647,0,2573165,0,1,SOUTHWEST,TRUE,6.02,TRUE,2,FALSE,71.43,FALSE,14.29,9.15,106.9519659
276,276,2016,CA,766347.86,9177047.44,8.350701737,11/1/16,DEMOCRAT,8753788,61.7263996,0,14181595,0,1,PACIFIC COAST,FALSE,20,FALSE,0,FALSE,50,FALSE,100,80.41,8.754471321
277,277,2016,CA,7354083.34,9177047.44,80.13561429,11/1/16,OTHER,943997,6.656493857,1,14181595,0.25,0,PACIFIC COAST,FALSE,20,FALSE,0,FALSE,50,FALSE,100,0.72,779.0367278
278,278,2016,CA,1056616.24,9177047.44,11.51368397,11/1/16,REPUBLICAN,4483810,31.61710654,0,14181595,0,0,PACIFIC COAST,FALSE,20,FALSE,0,FALSE,50,FALSE,100,9.15,23.56514304
279,279,2016,CO,26012,199668.53,13.02759128,11/1/16,DEMOCRAT,1338870,48.15698038,0,2780220,0,1,ROCKY MOUNTAINS,TRUE,5.41,TRUE,2,TRUE,71.43,TRUE,57.14,80.41,1.942832389
280,280,2016,CO,47953.88,199668.53,24.01674415,11/1/16,OTHER,238866,8.591622246,0,2780220,0,0,ROCKY MOUNTAINS,TRUE,5.41,TRUE,2,TRUE,71.43,TRUE,57.14,0.72,20.07564074
281,281,2016,CO,125702.65,199668.53,62.95566457,11/1/16,REPUBLICAN,1202484,43.25139737,0,2780220,0,0,ROCKY MOUNTAINS,TRUE,5.41,TRUE,2,TRUE,71.43,TRUE,57.14,9.15,10.45358192
282,282,2016,CT,12100,17730,68.24591089,11/1/16,DEMOCRAT,897572,54.5663011,0,1644920,0,1,NORTHEAST,FALSE,20,FALSE,0,FALSE,50,FALSE,100,0.43,1.348081268
283,283,2016,CT,4000,17730,22.5606317,11/1/16,OTHER,74133,4.506784524,1,1644920,0.333333333,0,NORTHEAST,FALSE,20,FALSE,0,FALSE,50,FALSE,100,9.43,5.395707715
284,284,2016,CT,1630,17730,9.193457417,11/1/16,REPUBLICAN,673215,40.92691438,0,1644920,0,0,NORTHEAST,FALSE,20,FALSE,0,FALSE,50,FALSE,100,4.48,0.242121759
285,285,2016,DC,382697659.9,384904988.4,99.42652639,11/1/16,DEMOCRAT,282830,90.48388387,0,312575,0,1,MIDATLANTIC,FALSE,20,FALSE,0,FALSE,50,FALSE,100,0.43,135310.1368
286,286,2016,DC,171904.17,384904988.4,0.044661455,11/1/16,OTHER,17022,5.445733024,1,312575,0.2,0,MIDATLANTIC,FALSE,20,FALSE,0,FALSE,50,FALSE,100,9.43,1009.894068
287,287,2016,DC,2035424.37,384904988.4,0.528812157,11/1/16,REPUBLICAN,12723,4.070383108,0,312575,0,0,MIDATLANTIC,FALSE,20,FALSE,0,FALSE,50,FALSE,100,4.48,15997.99082
288,288,2016,FL,172510.56,512115,33.68590258,11/1/16,DEMOCRAT,4504975,47.82331581,0,9420039,0,0,SOUTHEAST,TRUE,2.5,TRUE,4,TRUE,85.71,TRUE,42.86,0.43,3.829334458
289,289,2016,FL,5806.44,512115,1.133815647,11/1/16,OTHER,297178,3.154742778,1,9420039,0.2,0,SOUTHEAST,TRUE,2.5,TRUE,4,TRUE,85.71,TRUE,42.86,9.43,1.953859303
290,290,2016,FL,333798,512115,65.18028177,11/1/16,REPUBLICAN,4617886,49.02194142,0,9420039,0,1,SOUTHEAST,TRUE,2.5,TRUE,4,TRUE,85.71,TRUE,42.86,4.48,7.228372463
291,291,2016,GA,81687.63,186788.69,43.73264248,11/1/16,DEMOCRAT,1877963,45.63998336,0,4114732,0,0,SOUTHEAST,TRUE,6.88,FALSE,1,FALSE,71.43,FALSE,14.29,0.43,4.349799756
292,292,2016,GA,4828.25,186788.69,2.584872778,11/1/16,OTHER,147665,3.588690588,1,4114732,0.5,0,SOUTHEAST,TRUE,6.88,FALSE,1,FALSE,71.43,FALSE,14.29,9.43,3.269732164
293,293,2016,GA,100272.81,186788.69,53.68248474,11/1/16,REPUBLICAN,2089104,50.77132605,0,4114732,0,1,SOUTHEAST,TRUE,6.88,FALSE,1,FALSE,71.43,FALSE,14.29,4.48,4.799799819
294,294,2016,HI,800,800,100,11/1/16,OTHER,41926,9.579494772,0,437664,0,0,PACIFIC COAST,FALSE,20,FALSE,0,FALSE,50,FALSE,100,9.43,1.908123837
295,295,2016,IA,234996.37,925378.07,25.39463357,11/1/16,DEMOCRAT,653669,41.75251345,0,1565580,0,0,MIDWEST,TRUE,6.01,TRUE,3,TRUE,85.71,FALSE,71.43,0.43,35.95036173
296,296,2016,IA,13600.86,925378.07,1.469762516,11/1/16,OTHER,110928,7.08542521,1,1565580,0.125,0,MIDWEST,TRUE,6.01,TRUE,3,TRUE,85.71,FALSE,71.43,9.43,12.2609801
297,297,2016,IA,676780.84,925378.07,73.13560392,11/1/16,REPUBLICAN,800983,51.16206134,0,1565580,0,1,MIDWEST,TRUE,6.01,TRUE,3,TRUE,85.71,FALSE,71.43,4.48,84.49378327
298,298,2016,ID,24.5,79024.5,0.031003043,11/1/16,OTHER,91435,13.24655381,0,690255,0,0,ROCKY MOUNTAINS,FALSE,20,FALSE,0,FALSE,50,FALSE,0,9.43,0.026794991
299,299,2016,ID,79000,79024.5,99.96899696,11/1/16,REPUBLICAN,409055,59.26143237,0,690255,0,1,ROCKY MOUNTAINS,FALSE,20,FALSE,0,FALSE,50,FALSE,0,4.48,19.31280635
300,300,2016,IL,1356624.46,4841510.28,28.02068738,11/1/16,DEMOCRAT,3090729,55.8253667,0,5536424,0,1,MIDWEST,FALSE,20,FALSE,0,FALSE,50,FALSE,100,0.43,43.89334879
301,301,2016,IL,3453120.1,4841510.28,71.32320083,11/1/16,OTHER,299680,5.412880227,1,5536424,0.333333333,0,MIDWEST,FALSE,20,FALSE,0,FALSE,50,FALSE,100,9.43,1152.26912
302,302,2016,IL,31765.72,4841510.28,0.656111795,11/1/16,REPUBLICAN,2146015,38.76175307,0,5536424,0,0,MIDWEST,FALSE,20,FALSE,0,FALSE,50,FALSE,100,4.48,1.480218918
303,303,2016,IN,2866.9,39100.28,7.332172557,11/1/16,DEMOCRAT,1033126,37.77483969,0,2734958,0,0,MIDWEST,FALSE,20,TRUE,2,FALSE,71.43,TRUE,14.29,0.43,0.277497614
304,304,2016,IN,1500,39100.28,3.836289663,11/1/16,OTHER,144546,5.285126865,4,2734958,0.8,0,MIDWEST,FALSE,20,TRUE,2,FALSE,71.43,TRUE,14.29,0.38,1.037731933
305,305,2016,IN,34733.38,39100.28,88.83153778,11/1/16,REPUBLICAN,1557286,56.94003345,0,2734958,0,1,MIDWEST,FALSE,20,TRUE,2,FALSE,71.43,TRUE,14.29,4.48,2.230379006
306,306,2016,KS,1600,5100,31.37254902,11/1/16,DEMOCRAT,427005,36.05237073,0,1184402,0,0,MIDWEST,FALSE,20,FALSE,0,FALSE,50,FALSE,0,0.43,0.374702872
307,307,2016,KS,3500,5100,68.62745098,11/1/16,OTHER,86379,7.293047462,1,1184402,0.333333333,0,MIDWEST,FALSE,20,FALSE,0,FALSE,50,FALSE,0,0.38,4.051910765
308,308,2016,KY,15000,15000,100,11/1/16,REPUBLICAN,1202971,62.51963855,0,1924149,0,1,SOUTHEAST,FALSE,20,TRUE,1,TRUE,71.43,TRUE,28.57,0.1,1.246912852
309,309,2016,LA,582621.09,582621.09,100,11/1/16,REPUBLICAN,1178638,58.08868465,0,2029032,0,1,SOUTHEAST,FALSE,20,TRUE,1,TRUE,71.43,TRUE,28.57,0.1,49.43172458
310,310,2016,MA,15839,311401.65,5.086357121,11/1/16,DEMOCRAT,1995196,59.0500651,0,3378821,0,1,NORTHEAST,FALSE,20,FALSE,0,FALSE,50,FALSE,100,0.43,0.793856844
311,311,2016,MA,152347.48,311401.65,48.92314476,11/1/16,OTHER,292732,8.663732112,1,3378821,0.2,0,NORTHEAST,FALSE,20,FALSE,0,FALSE,50,FALSE,100,0.38,52.04332974
312,312,2016,MA,143215.17,311401.65,45.99049812,11/1/16,REPUBLICAN,1090893,32.28620279,0,3378821,0,0,NORTHEAST,FALSE,20,FALSE,0,FALSE,50,FALSE,100,0.1,13.12825089
313,313,2016,MD,24275,5913157.64,0.410525162,11/1/16,DEMOCRAT,1678006,60.32854853,1,2781446,0.5,0.5,MIDATLANTIC,FALSE,20,FALSE,0,FALSE,50,FALSE,100,0.43,1.44665752
314,314,2016,MD,5888882.64,5913157.64,99.58947484,11/1/16,REPUBLICAN,943428,33.91861643,1,2781446,0.5,0,MIDATLANTIC,FALSE,20,FALSE,0,FALSE,50,FALSE,100,0.1,624.2005368
315,315,2016,ME,1000,1085,92.16589862,11/1/16,DEMOCRAT,357735,46.3452141,0,771892,0,1,NORTHEAST,FALSE,20,FALSE,0,FALSE,50,FALSE,100,0.43,0.279536528
316,316,2016,ME,85,1085,7.834101382,11/1/16,REPUBLICAN,335593,43.47667808,0,771892,0,0,NORTHEAST,FALSE,20,FALSE,0,FALSE,50,FALSE,100,0.1,0.025328299
317,317,2016,MI,28336,255077.2,11.10879373,11/1/16,DEMOCRAT,2268839,47.27453095,0,4799284,0,0,MIDWEST,FALSE,20,TRUE,1,TRUE,71.43,TRUE,14.29,0.02,1.248920704
318,318,2016,MI,226741.2,255077.2,88.89120627,11/1/16,REPUBLICAN,2279543,47.49756422,0,4799284,0,1,MIDWEST,FALSE,20,TRUE,1,TRUE,71.43,TRUE,14.29,0.44,9.946783193
319,319,2016,MN,291077.27,4050376.52,7.18642498,11/1/16,DEMOCRAT,1367705,46.44503396,0,2944782,0,1,MIDWEST,FALSE,20,FALSE,0,FALSE,50,FALSE,100,0.02,21.28216757
320,320,2016,MN,490134,4050376.52,12.10094907,11/1/16,OTHER,254128,8.629772934,1,2944782,0.125,0,MIDWEST,FALSE,20,FALSE,0,FALSE,50,FALSE,100,16.01,192.8689479
321,321,2016,MN,3269165.25,4050376.52,80.71262595,11/1/16,REPUBLICAN,1322949,44.9251931,0,2944782,0,0,MIDWEST,FALSE,20,FALSE,0,FALSE,50,FALSE,100,0.44,247.1119635
322,322,2016,MO,81723.2,252450.43,32.37197893,11/1/16,DEMOCRAT,1071068,38.13523084,0,2808605,0,0,MIDWEST,FALSE,20,TRUE,1,TRUE,71.43,TRUE,28.57,0.02,7.630066439
323,323,2016,MO,155865.11,252450.43,61.74087721,11/1/16,OTHER,143026,5.092421327,1,2808605,0.25,0,MIDWEST,FALSE,20,TRUE,1,TRUE,71.43,TRUE,28.57,16.01,108.9767665
324,324,2016,MO,14862.12,252450.43,5.887143864,11/1/16,REPUBLICAN,1594511,56.77234784,0,2808605,0,1,MIDWEST,FALSE,20,TRUE,1,TRUE,71.43,TRUE,28.57,0.21,0.932080117
325,325,2016,MS,3134,18134,17.28245285,11/1/16,DEMOCRAT,485131,40.11478827,0,1209357,0,0,SOUTHEAST,FALSE,20,FALSE,0,FALSE,50,FALSE,0,0.02,0.646011077
326,326,2016,MS,15000,18134,82.71754715,11/1/16,REPUBLICAN,700714,57.94103809,0,1209357,0,1,SOUTHEAST,FALSE,20,FALSE,0,FALSE,50,FALSE,0,0.21,2.140673656
327,327,2016,MT,3402.41,3402.41,100,11/1/16,OTHER,37577,7.598589356,0,494526,0,0,ROCKY MOUNTAINS,FALSE,20,FALSE,1,FALSE,50,FALSE,14.29,16.01,9.054501424
328,328,2016,NC,54745.6,108250.57,50.57303624,11/1/16,DEMOCRAT,2189316,46.17286617,0,4741564,0,0,SOUTHEAST,TRUE,5.24,TRUE,2,FALSE,71.43,FALSE,14.29,0.02,2.50058009
329,329,2016,NC,6012.11,108250.57,5.553882996,11/1/16,OTHER,189617,3.999039136,2,4741564,0.666666667,0,SOUTHEAST,TRUE,5.24,TRUE,2,FALSE,71.43,FALSE,14.29,16.01,3.170659804
330,330,2016,NC,47492.86,108250.57,43.87308076,11/1/16,REPUBLICAN,2362631,49.8280947,0,4741564,0,1,SOUTHEAST,TRUE,5.24,TRUE,2,FALSE,71.43,FALSE,14.29,0.21,2.010168325
331,331,2016,ND,1500,1500,100,11/1/16,DEMOCRAT,93758,27.22673946,0,344360,0,0,MIDWEST,FALSE,20,FALSE,0,FALSE,50,FALSE,0,0.02,1.599863478
332,332,2016,NE,1114.5,1114.5,100,11/1/16,DEMOCRAT,284494,33.69875638,0,844227,0,0,MIDWEST,FALSE,20,FALSE,0,FALSE,50,FALSE,0,0.16,0.391748156
333,333,2016,NH,61118.1,174720.43,34.98051144,11/1/16,DEMOCRAT,348526,46.82626267,0,744296,0,1,NORTHEAST,TRUE,4.19,TRUE,2,TRUE,71.43,FALSE,14.29,0.16,17.5361666
334,334,2016,NH,19547.9,174720.43,11.18810204,11/1/16,OTHER,49980,6.715070348,2,744296,0.4,0,NORTHEAST,TRUE,4.19,TRUE,2,TRUE,71.43,FALSE,14.29,11,39.11144456
335,335,2016,NH,94054.43,174720.43,53.83138652,11/1/16,REPUBLICAN,345790,46.45866698,0,744296,0,0,NORTHEAST,TRUE,4.19,TRUE,2,TRUE,71.43,FALSE,14.29,0.21,27.19986986
336,336,2016,NJ,32747.85,9247220.47,0.354137225,11/1/16,DEMOCRAT,2148278,55.45308445,0,3874046,0,1,MIDATLANTIC,FALSE,20,FALSE,0,FALSE,50,FALSE,100,0.16,1.524376732
337,337,2016,NJ,1547,9247220.47,0.016729351,11/1/16,OTHER,123835,3.1965289,0,3874046,0,0,MIDATLANTIC,FALSE,20,FALSE,0,FALSE,50,FALSE,100,11,1.24924292
338,338,2016,NJ,9212925.62,9247220.47,99.62913342,11/1/16,REPUBLICAN,1601933,41.35038665,0,3874046,0,0,MIDATLANTIC,FALSE,20,FALSE,0,FALSE,50,FALSE,100,49.01,575.1130428
339,339,2016,NM,5632.1,5632.1,100,11/1/16,OTHER,93418,11.70183849,0,798319,0,0,SOUTHWEST,FALSE,20,TRUE,2,TRUE,71.43,FALSE,85.71,11,6.028923762
340,340,2016,NV,104252.96,314989.08,33.09732515,11/1/16,DEMOCRAT,539260,47.91782368,0,1125385,0,1,ROCKY MOUNTAINS,TRUE,4.48,TRUE,2,TRUE,85.71,FALSE,71.43,0.16,19.33259652
341,341,2016,NV,27657.64,314989.08,8.780507566,11/1/16,OTHER,74067,6.581481004,0,1125385,0,0,ROCKY MOUNTAINS,TRUE,4.48,TRUE,2,TRUE,85.71,FALSE,71.43,11,37.3413801
342,342,2016,NV,183078.48,314989.08,58.12216728,11/1/16,REPUBLICAN,512058,45.50069532,0,1125385,0,0,ROCKY MOUNTAINS,TRUE,4.48,TRUE,2,TRUE,85.71,FALSE,71.43,49.01,35.75346543
343,343,2016,NY,755063.84,6330010.57,11.92831879,11/1/16,DEMOCRAT,4379789,56.1361426,0,7802084,0,1,MIDATLANTIC,FALSE,20,FALSE,0,FALSE,50,FALSE,100,0.03,17.23973096
344,344,2016,NY,153131.46,6330010.57,2.419134349,11/1/16,OTHER,895153,11.47325509,1,7802084,0.1,0,MIDATLANTIC,FALSE,20,FALSE,0,FALSE,50,FALSE,100,11,17.10673594
345,345,2016,NY,5421815.27,6330010.57,85.65254686,11/1/16,REPUBLICAN,2527142,32.39060231,0,7802084,0,0,MIDATLANTIC,FALSE,20,FALSE,0,FALSE,50,FALSE,100,49.01,214.5433565
346,346,2016,OH,29038,7031544.71,0.41296758,11/1/16,DEMOCRAT,2394164,43.55807628,0,5496487,0,0,MIDWEST,TRUE,4.21,TRUE,3,TRUE,100,FALSE,57.14,0.03,1.212865953
347,347,2016,OH,205094.95,7031544.71,2.916783701,11/1/16,OTHER,261318,4.754273047,1,5496487,0.333333333,0,MIDWEST,TRUE,4.21,TRUE,3,TRUE,100,FALSE,57.14,11,78.48481545
348,348,2016,OH,6797411.76,7031544.71,96.67024872,11/1/16,REPUBLICAN,2841005,51.68765068,0,5496487,0,1,MIDWEST,TRUE,4.21,TRUE,3,TRUE,100,FALSE,57.14,49.01,239.2608165
349,349,2016,OK,801.02,801.02,100,11/1/16,REPUBLICAN,949136,65.32286482,0,1452992,0,1,SOUTHWEST,FALSE,20,FALSE,0,FALSE,50,FALSE,0,49.01,0.084394649
350,350,2016,OR,9000,10708.89,84.04232371,11/1/16,DEMOCRAT,1002106,50.071852,0,2001336,0,1,PACIFIC COAST,FALSE,20,FALSE,0,FALSE,50,FALSE,100,0.03,0.898108583
351,351,2016,OR,1708.89,10708.89,15.95767629,11/1/16,OTHER,216827,10.83411281,0,2001336,0,0,PACIFIC COAST,FALSE,20,FALSE,0,FALSE,50,FALSE,100,61.13,0.788135242
352,352,2016,PA,455480.8,655573.37,69.47823399,11/1/16,DEMOCRAT,2926441,47.85361616,0,6115402,0,0,MIDATLANTIC,TRUE,5.9,TRUE,1,TRUE,71.43,FALSE,14.29,0.03,15.5643254
353,353,2016,PA,4316.67,655573.37,0.658457191,11/1/16,OTHER,218228,3.568498032,0,6115402,0,0,MIDATLANTIC,TRUE,5.9,TRUE,1,TRUE,71.43,FALSE,14.29,61.13,1.97805506
354,354,2016,PA,195775.9,655573.37,29.86330882,11/1/16,REPUBLICAN,2970733,48.5778858,0,6115402,0,1,MIDATLANTIC,TRUE,5.9,TRUE,1,TRUE,71.43,FALSE,14.29,49.01,6.590154687
355,355,2016,RI,2720.25,2720.25,100,11/1/16,DEMOCRAT,252525,54.40660657,0,464144,0,1,NORTHEAST,FALSE,20,FALSE,0,FALSE,50,FALSE,100,18.74,1.077220077
356,356,2016,SC,210717.41,1001237.02,21.04570704,11/1/16,DEMOCRAT,855373,40.67341979,0,2103027,0,0,SOUTHEAST,FALSE,20,FALSE,0,FALSE,50,FALSE,0,18.74,24.6345641
357,357,2016,SC,2106.97,1001237.02,0.210436686,11/1/16,OTHER,92265,4.387247525,0,2103027,0,0,SOUTHEAST,FALSE,20,FALSE,0,FALSE,50,FALSE,0,61.13,2.283607006
358,358,2016,SC,788412.64,1001237.02,78.74385627,11/1/16,REPUBLICAN,1155389,54.93933269,0,2103027,0,1,SOUTHEAST,FALSE,20,FALSE,0,FALSE,50,FALSE,0,49.01,68.23785236
359,359,2016,TN,80480,20300602.34,0.396441439,11/1/16,DEMOCRAT,870695,34.7163328,0,2508027,0,0,SOUTHEAST,FALSE,20,TRUE,1,TRUE,71.43,TRUE,28.57,18.74,9.243190789
360,360,2016,TN,20091253.6,20300602.34,98.96875602,11/1/16,OTHER,114407,4.561633507,1,2508027,0.5,0,SOUTHEAST,FALSE,20,TRUE,1,TRUE,71.43,TRUE,28.57,61.13,17561.21007
361,361,2016,TN,128868.74,20300602.34,0.634802543,11/1/16,REPUBLICAN,1522925,60.72203369,0,2508027,0,1,SOUTHEAST,FALSE,20,TRUE,1,TRUE,71.43,TRUE,28.57,49.01,8.461922938
362,362,2016,TX,1022449.41,91203528.51,1.121063435,11/1/16,DEMOCRAT,3877868,43.23525798,0,8969226,0,0,SOUTHWEST,FALSE,20,FALSE,0,FALSE,50,FALSE,0,18.74,26.36627677
363,363,2016,TX,524090.89,91203528.51,0.574638831,11/1/16,OTHER,406311,4.53005644,1,8969226,0.333333333,0,SOUTHWEST,FALSE,20,FALSE,0,FALSE,50,FALSE,0,61.13,128.9876203
364,364,2016,TX,89656988.21,91203528.51,98.30429773,11/1/16,REPUBLICAN,4685047,52.23468558,0,8969226,0,1,SOUTHWEST,FALSE,20,FALSE,0,FALSE,50,FALSE,0,49.01,1913.683859
365,365,2016,UT,4510,5112311.85,0.088218406,11/1/16,DEMOCRAT,310674,27.46126859,0,1131317,0,0,ROCKY MOUNTAINS,FALSE,20,FALSE,0,FALSE,50,FALSE,0,18.74,1.451682479
366,366,2016,UT,4978708.63,5112311.85,97.38663791,11/1/16,OTHER,305432,26.99791482,0,1131317,0,0,ROCKY MOUNTAINS,FALSE,20,FALSE,0,FALSE,50,FALSE,0,61.13,1630.054687
367,367,2016,UT,129093.22,5112311.85,2.525143688,11/1/16,REPUBLICAN,515211,45.54081659,0,1131317,0,1,ROCKY MOUNTAINS,FALSE,20,FALSE,0,FALSE,50,FALSE,0,49.01,25.05637884
368,368,2016,VA,88858651.35,216644356.2,41.01590871,11/1/16,DEMOCRAT,1981473,49.75135283,0,3982752,0,1,SOUTHEAST,TRUE,5.45,TRUE,1,FALSE,71.43,FALSE,42.86,18.74,4484.474498
369,369,2016,VA,7996756.94,216644356.2,3.691190983,11/1/16,OTHER,231836,5.821000153,1,3982752,0.25,0,SOUTHEAST,TRUE,5.45,TRUE,1,FALSE,71.43,FALSE,42.86,61.13,3449.316302
370,370,2016,VA,119788947.9,216644356.2,55.29290031,11/1/16,REPUBLICAN,1769443,44.42764701,0,3982752,0,0,SOUTHEAST,TRUE,5.45,TRUE,1,FALSE,71.43,FALSE,42.86,49.01,6769.867574
371,371,2016,VT,469,869,53.97008055,11/1/16,DEMOCRAT,178573,55.72274212,0,320467,0,1,NORTHEAST,FALSE,20,FALSE,0,FALSE,50,FALSE,100,18.74,0.262637689
372,372,2016,VT,400,869,46.02991945,11/1/16,REPUBLICAN,95369,29.7593824,0,320467,0,0,NORTHEAST,FALSE,20,FALSE,0,FALSE,50,FALSE,100,49.01,0.419423502
373,373,2016,WA,3880.47,52633.47,7.372628101,11/1/16,DEMOCRAT,1742718,52.53868006,0,3317019,0,1,PACIFIC COAST,FALSE,20,FALSE,0,FALSE,50,FALSE,100,18.74,0.222667695
374,374,2016,WA,5459.5,52633.47,10.37267731,11/1/16,OTHER,352554,10.62863975,1,3317019,0.166666667,0,PACIFIC COAST,FALSE,20,FALSE,0,FALSE,50,FALSE,100,1.32,1.548557101
375,375,2016,WA,43293.5,52633.47,82.25469459,11/1/16,REPUBLICAN,1221747,36.83268019,0,3317019,0,0,PACIFIC COAST,FALSE,20,FALSE,0,FALSE,50,FALSE,100,36.61,3.54357326
376,376,2016,WI,15303,117487.06,13.02526423,11/1/16,DEMOCRAT,1382536,46.45384137,0,2976150,0,0,MIDWEST,TRUE,5.26,TRUE,1,FALSE,71.43,FALSE,14.29,18.74,1.106878953
377,377,2016,WI,14211.04,117487.06,12.09583421,11/1/16,OTHER,188330,6.32797406,1,2976150,0.142857143,0,MIDWEST,TRUE,5.26,TRUE,1,FALSE,71.43,FALSE,14.29,1.32,7.545818508
378,378,2016,WI,87973.02,117487.06,74.87890156,11/1/16,REPUBLICAN,1405284,47.21818457,0,2976150,0,1,MIDWEST,TRUE,5.26,TRUE,1,FALSE,71.43,FALSE,14.29,36.61,6.260159512
379,379,2016,WV,861.44,6318.32,13.63400398,11/1/16,DEMOCRAT,188794,26.47692802,0,713051,0,0,SOUTHEAST,FALSE,20,TRUE,1,TRUE,71.43,TRUE,28.57,0.22,0.456285687
380,380,2016,WV,5456.88,6318.32,86.36599602,11/1/16,REPUBLICAN,489371,68.63057481,0,713051,0,1,SOUTHEAST,FALSE,20,TRUE,1,TRUE,71.43,TRUE,28.57,36.61,1.115080379
381,381,2016,WY,207,241,85.89211618,11/1/16,DEMOCRAT,55973,21.62890088,0,258788,0,0,ROCKY MOUNTAINS,FALSE,20,FALSE,0,FALSE,50,FALSE,0,0.22,0.369821164
382,382,2016,WY,34,241,14.10788382,11/1/16,OTHER,28396,10.97268807,1,258788,0.166666667,0,ROCKY MOUNTAINS,FALSE,20,FALSE,0,FALSE,50,FALSE,0,1.32,0.119735174
383,383,2020,AK,700.58,11048.58,6.340905347,11/1/20,DEMOCRAT,153778,42.77195227,0,359530,0,0,PACIFIC COAST,FALSE,20,FALSE,0,FALSE,50,FALSE,0,60.44,0.455578821
384,384,2020,AK,10348,11048.58,93.65909465,11/1/20,OTHER,15801,4.394904459,1,359530,0.166666667,0,PACIFIC COAST,FALSE,20,FALSE,0,FALSE,50,FALSE,0,43.61,65.48952598
385,385,2020,AL,152668.45,153157.2,99.68088343,11/1/20,DEMOCRAT,849624,36.56999021,0,2323282,0,0,SOUTHEAST,FALSE,20,FALSE,0,FALSE,50,FALSE,0,60.44,17.96894273
386,386,2020,AL,488.75,153157.2,0.319116568,11/1/20,REPUBLICAN,1441170,62.03164317,0,2323282,0,1,SOUTHEAST,FALSE,20,FALSE,0,FALSE,50,FALSE,0,0.42,0.033913418
387,387,2020,AR,750959.16,751118.13,99.97883555,11/1/20,DEMOCRAT,423932,34.77506195,0,1219069,0,0,SOUTHEAST,FALSE,20,TRUE,1,TRUE,71.43,FALSE,28.57,60.44,177.1414189
388,388,2020,AR,158.97,751118.13,0.021164447,11/1/20,OTHER,34490,2.829208191,0,1219069,0,0,SOUTHEAST,FALSE,20,TRUE,1,TRUE,71.43,FALSE,28.57,43.61,0.460916203
389,389,2020,AZ,164076.29,197378.19,83.12787244,11/1/20,DEMOCRAT,1672143,49.36469061,0,3387326,0,1,SOUTHWEST,TRUE,6.02,TRUE,2,FALSE,71.43,FALSE,14.29,60.44,9.812336027
390,390,2020,AZ,26919.66,197378.19,13.63861934,11/1/20,OTHER,53497,1.579328355,5,3387326,0.833333333,0,SOUTHWEST,TRUE,6.02,TRUE,2,FALSE,71.43,FALSE,14.29,43.61,50.31994316
391,391,2020,AZ,6382.24,197378.19,3.233508221,11/1/20,REPUBLICAN,1661686,49.05598103,0,3387326,0,0,SOUTHWEST,TRUE,6.02,TRUE,2,FALSE,71.43,FALSE,14.29,0.42,0.384082191
392,392,2020,CA,233823869.3,234513976.1,99.70572892,11/1/20,DEMOCRAT,11110250,63.48394689,0,17500881,0,1,PACIFIC COAST,FALSE,20,FALSE,0,FALSE,50,FALSE,100,60.44,2104.577928
393,393,2020,CA,368467.23,234513976.1,0.157119518,11/1/20,OTHER,384202,2.195329481,5,17500881,0.555555556,0,PACIFIC COAST,FALSE,20,FALSE,0,FALSE,50,FALSE,100,43.61,95.90455773
394,394,2020,CA,321639.59,234513976.1,0.137151566,11/1/20,REPUBLICAN,6006429,34.32072363,0,17500881,0,0,PACIFIC COAST,FALSE,20,FALSE,0,FALSE,50,FALSE,100,0.42,5.354922046
395,395,2020,CO,47218094.67,47287479.8,99.85326955,11/1/20,DEMOCRAT,1804352,55.01106714,0,3279980,0,1,ROCKY MOUNTAINS,TRUE,5.41,TRUE,2,TRUE,71.43,TRUE,57.14,60.44,2616.900398
396,396,2020,CO,14737.13,47287479.8,0.031164972,11/1/20,OTHER,111021,3.384807224,0,3279980,0,0,ROCKY MOUNTAINS,TRUE,5.41,TRUE,2,TRUE,71.43,TRUE,57.14,43.61,13.27418222
397,397,2020,CO,54648,47287479.8,0.115565474,11/1/20,REPUBLICAN,1364607,41.60412563,0,3279980,0,0,ROCKY MOUNTAINS,TRUE,5.41,TRUE,2,TRUE,71.43,TRUE,57.14,0.42,4.004669489
398,398,2020,CT,36330167.49,36332567.49,99.99339436,11/1/20,DEMOCRAT,1080831,59.26073152,0,1823857,0,1,NORTHEAST,FALSE,20,FALSE,0,FALSE,50,FALSE,100,2.18,3361.31805
399,399,2020,CT,2400,36332567.49,0.006605644,11/1/20,REPUBLICAN,714717,39.18711829,0,1823857,0,0,NORTHEAST,FALSE,20,FALSE,0,FALSE,50,FALSE,100,0.42,0.335797255
400,400,2020,DC,590099069.5,591193536.1,99.81487169,11/1/20,DEMOCRAT,317323,92.14969392,1,344356,1,1,MIDATLANTIC,FALSE,20,FALSE,0,FALSE,50,FALSE,100,2.18,185961.6446
401,401,2020,DC,5745,591193536.1,0.000971763,11/1/20,OTHER,8447,2.452984702,4,344356,0.8,0,MIDATLANTIC,FALSE,20,FALSE,0,FALSE,50,FALSE,100,10.48,68.01231256
402,402,2020,DC,1088721.59,591193536.1,0.184156545,11/1/20,REPUBLICAN,18586,5.397321377,1,344356,1,0,MIDATLANTIC,FALSE,20,FALSE,0,FALSE,50,FALSE,100,0.42,5857.750943
403,403,2020,DE,232158.4,740559.67,31.34904713,11/1/20,DEMOCRAT,296268,58.74300579,0,504346,0,1,MIDATLANTIC,FALSE,20,FALSE,0,FALSE,50,FALSE,100,2.18,78.36094346
404,404,2020,DE,508401.27,740559.67,68.65095287,11/1/20,REPUBLICAN,200603,39.77487677,0,504346,0,0,MIDATLANTIC,FALSE,20,FALSE,0,FALSE,50,FALSE,100,0.11,253.4365239
405,405,2020,FL,5101030.58,9143149.2,55.7907398,11/1/20,DEMOCRAT,5297045,47.86145073,0,11067456,0,0,SOUTHEAST,TRUE,2.5,TRUE,4,TRUE,85.71,TRUE,42.86,2.18,96.29955154
406,406,2020,FL,23912.24,9143149.2,0.261531771,11/1/20,OTHER,101680,0.918729652,6,11067456,0.545454545,0,SOUTHEAST,TRUE,2.5,TRUE,4,TRUE,85.71,TRUE,42.86,10.48,23.51715188
407,407,2020,FL,4018206.38,9143149.2,43.94772843,11/1/20,REPUBLICAN,5668731,51.21981962,0,11067456,0,1,SOUTHEAST,TRUE,2.5,TRUE,4,TRUE,85.71,TRUE,42.86,0.11,70.88370184
408,408,2020,GA,446491680.5,446566098.5,99.98333552,11/1/20,DEMOCRAT,2473633,49.47305578,0,4999960,0,1,SOUTHEAST,TRUE,6.88,FALSE,1,FALSE,71.43,FALSE,14.29,2.18,18050.03736
409,409,2020,GA,55559.93,446566098.5,0.012441592,11/1/20,OTHER,64473,1.289470316,16,4999960,0.941176471,0,SOUTHEAST,TRUE,6.88,FALSE,1,FALSE,71.43,FALSE,14.29,10.48,86.1755029
410,410,2020,GA,18858,446566098.5,0.004222891,11/1/20,REPUBLICAN,2461854,49.2374739,0,4999960,0,0,SOUTHEAST,TRUE,6.88,FALSE,1,FALSE,71.43,FALSE,14.29,0.11,0.76600804
411,411,2020,HI,164291.35,164291.35,100,11/1/20,DEMOCRAT,366130,63.14937977,0,579784,0,1,PACIFIC COAST,FALSE,20,FALSE,0,FALSE,50,FALSE,100,2.18,44.87240871
412,412,2020,IA,15900031.57,16253757.86,97.8237261,11/1/20,DEMOCRAT,759061,44.64723286,0,1700130,0,0,MIDWEST,TRUE,6.01,TRUE,3,TRUE,85.71,FALSE,71.43,2.18,2094.697471
413,413,2020,IA,353726.29,16253757.86,2.1762739,11/1/20,REPUBLICAN,897672,52.80019763,0,1700130,0,1,MIDWEST,TRUE,6.01,TRUE,3,TRUE,85.71,FALSE,71.43,0.11,39.40484833
414,414,2020,ID,15972.5,18031.5,88.5810942,11/1/20,DEMOCRAT,287021,33.06640215,0,868014,0,0,ROCKY MOUNTAINS,FALSE,20,FALSE,0,FALSE,50,FALSE,0,2.18,5.564923821
415,415,2020,ID,2059,18031.5,11.4189058,11/1/20,REPUBLICAN,554119,63.83756483,0,868014,0,1,ROCKY MOUNTAINS,FALSE,20,FALSE,0,FALSE,50,FALSE,0,0.11,0.371580834
416,416,2020,IL,8137447.38,8169872.68,99.60311132,11/1/20,DEMOCRAT,3471915,57.54164538,0,6033743,0,1,MIDWEST,FALSE,20,FALSE,0,FALSE,50,FALSE,100,2.18,234.3792224
417,417,2020,IL,8022.04,8169872.68,0.098190514,11/1/20,OTHER,114937,1.904903805,14,6033743,0.777777778,0,MIDWEST,FALSE,20,FALSE,0,FALSE,50,FALSE,100,10.48,6.979510495
418,418,2020,IL,24403.26,8169872.68,0.298698168,11/1/20,REPUBLICAN,2446891,40.55345082,0,6033743,0,0,MIDWEST,FALSE,20,FALSE,0,FALSE,50,FALSE,100,0.11,0.997317004
419,419,2020,IN,43671.79,48380.35,90.26761898,11/1/20,DEMOCRAT,1242416,40.96167706,0,3033118,0,0,MIDWEST,FALSE,20,TRUE,2,FALSE,71.43,TRUE,14.29,2.18,3.515069832
420,420,2020,IN,4708.56,48380.35,9.732381018,11/1/20,OTHER,61183,2.017165175,11,3033118,0.916666667,0,MIDWEST,FALSE,20,TRUE,2,FALSE,71.43,TRUE,14.29,0.33,7.69586323
421,421,2020,KS,16000,16000,100,11/1/20,DEMOCRAT,570323,41.55955354,0,1372303,0,0,MIDWEST,FALSE,20,FALSE,0,FALSE,50,FALSE,0,2.18,2.805427801
422,422,2020,KY,477631.61,536587.75,89.01276818,11/1/20,DEMOCRAT,772474,36.15151481,0,2136768,0,0,SOUTHEAST,FALSE,20,TRUE,1,TRUE,71.43,TRUE,28.57,2.18,61.83141568
423,423,2020,KY,1388.64,536587.75,0.25879085,11/1/20,OTHER,37648,1.76191332,10,2136768,0.769230769,0,SOUTHEAST,FALSE,20,TRUE,1,TRUE,71.43,TRUE,28.57,0.33,3.688482786
424,424,2020,KY,57567.5,536587.75,10.72844097,11/1/20,REPUBLICAN,1326646,62.08657187,0,2136768,0,1,SOUTHEAST,FALSE,20,TRUE,1,TRUE,71.43,TRUE,28.57,0.11,4.339326392
425,425,2020,LA,873838.1,995036,87.81974723,11/1/20,DEMOCRAT,856034,39.8514568,0,2148062,0,0,SOUTHEAST,FALSE,20,TRUE,1,TRUE,71.43,TRUE,28.57,1.92,102.0798356
426,426,2020,LA,121197.9,995036,12.18025277,11/1/20,OTHER,36252,1.687660784,0,2148062,0,0,SOUTHEAST,FALSE,20,TRUE,1,TRUE,71.43,TRUE,28.57,0.33,334.3205891
427,427,2020,MA,3555044.71,3879107.75,91.64593868,11/1/20,DEMOCRAT,2382202,65.1229837,0,3658005,0,1,NORTHEAST,FALSE,20,FALSE,0,FALSE,50,FALSE,100,1.92,149.2335541
428,428,2020,MA,1787.5,3879107.75,0.046080184,11/1/20,OTHER,108601,2.968858709,1,3658005,0.25,0,NORTHEAST,FALSE,20,FALSE,0,FALSE,50,FALSE,100,17.06,1.645933268
429,429,2020,MA,322275.54,3879107.75,8.307981133,11/1/20,REPUBLICAN,1167202,31.90815759,0,3658005,0,0,NORTHEAST,FALSE,20,FALSE,0,FALSE,50,FALSE,100,0.08,27.61094823
430,430,2020,MD,1984198.56,2014120.31,98.51440106,11/1/20,DEMOCRAT,1985023,65.36066486,0,3037030,0,1,MIDATLANTIC,FALSE,20,FALSE,0,FALSE,50,FALSE,100,1.92,99.95846698
431,431,2020,MD,3625.58,2014120.31,0.180008115,11/1/20,OTHER,75593,2.489043572,21,3037030,0.875,0,MIDATLANTIC,FALSE,20,FALSE,0,FALSE,50,FALSE,100,17.06,4.796184837
432,432,2020,MD,26296.17,2014120.31,1.305590826,11/1/20,REPUBLICAN,976414,32.15029157,0,3037030,0,0,MIDATLANTIC,FALSE,20,FALSE,0,FALSE,50,FALSE,100,0.08,2.693137336
433,433,2020,ME,326184.11,328184.11,99.39058597,11/1/20,DEMOCRAT,435072,52.52557935,0,828305,0,1,NORTHEAST,FALSE,20,FALSE,0,FALSE,50,FALSE,100,1.92,74.97244364
434,434,2020,ME,1000,328184.11,0.304707013,11/1/20,OTHER,32496,3.923192544,1,828305,0.2,0,NORTHEAST,FALSE,20,FALSE,0,FALSE,50,FALSE,100,17.06,3.077301818
435,435,2020,ME,1000,328184.11,0.304707013,11/1/20,REPUBLICAN,360737,43.55122811,0,828305,0,0,NORTHEAST,FALSE,20,FALSE,0,FALSE,50,FALSE,100,0.08,0.277210266
436,436,2020,MI,3466760.73,3473315.71,99.81127601,11/1/20,DEMOCRAT,2804040,50.62081829,0,5539302,0,1,MIDWEST,FALSE,20,TRUE,1,TRUE,71.43,TRUE,14.29,1.92,123.6344963
437,437,2020,MI,6554.98,3473315.71,0.18872399,11/1/20,REPUBLICAN,2649852,47.83729069,0,5539302,0,0,MIDWEST,FALSE,20,TRUE,1,TRUE,71.43,TRUE,14.29,0.08,0.247371551
438,438,2020,MN,442760.91,510760.91,86.6865301,11/1/20,DEMOCRAT,1717077,52.39509931,0,3277171,0,1,MIDWEST,FALSE,20,FALSE,0,FALSE,50,FALSE,100,1.92,25.78573413
439,439,2020,MN,68000,510760.91,13.3134699,11/1/20,REPUBLICAN,1484065,45.28494241,0,3277171,0,0,MIDWEST,FALSE,20,FALSE,0,FALSE,50,FALSE,100,0.06,4.582009549
440,440,2020,MO,838675.53,843235.53,99.45922582,11/1/20,DEMOCRAT,1253014,41.40878174,0,3025962,0,0,MIDWEST,FALSE,20,TRUE,1,TRUE,71.43,TRUE,28.57,10.52,66.93265438
441,441,2020,MO,4560,843235.53,0.540774177,11/1/20,REPUBLICAN,1718736,56.79965578,0,3025962,0,1,MIDWEST,FALSE,20,TRUE,1,TRUE,71.43,TRUE,28.57,0.06,0.265311252
442,442,2020,MS,128549.09,129749.09,99.07513802,11/1/20,DEMOCRAT,539398,41.05760646,0,1313759,0,0,SOUTHEAST,FALSE,20,FALSE,0,FALSE,50,FALSE,0,10.52,23.83195525
443,443,2020,MS,1200,129749.09,0.924861978,11/1/20,OTHER,17597,1.339438969,0,1313759,0,0,SOUTHEAST,FALSE,20,FALSE,0,FALSE,50,FALSE,0,2.34,6.819344208
444,444,2020,MT,44429.53,44429.53,100,11/1/20,DEMOCRAT,244786,40.54936936,0,603674,0,0,ROCKY MOUNTAINS,FALSE,20,FALSE,1,FALSE,50,FALSE,14.29,10.52,18.15035582
445,445,2020,NC,79769.84,83821.26,95.16659616,11/1/20,DEMOCRAT,2684292,48.58621178,0,5524802,0,0,SOUTHEAST,TRUE,5.24,TRUE,2,FALSE,71.43,FALSE,14.29,10.52,2.971727368
446,446,2020,NC,4051.42,83821.26,4.833403841,11/1/20,REPUBLICAN,2758773,49.93433249,0,5524802,0,1,SOUTHEAST,TRUE,5.24,TRUE,2,FALSE,71.43,FALSE,14.29,0.06,0.146855867
447,447,2020,ND,39634.1,39634.1,100,11/1/20,DEMOCRAT,114902,31.75676236,0,361819,0,0,MIDWEST,FALSE,20,FALSE,0,FALSE,50,FALSE,0,10.52,34.49382952
448,448,2020,NE,19239351.84,19239351.84,100,11/1/20,DEMOCRAT,374583,39.16663094,0,956383,0,0,MIDWEST,FALSE,20,FALSE,0,FALSE,50,FALSE,0,2.12,5136.205284
449,449,2020,NH,453212.95,567138.98,79.91214958,11/1/20,DEMOCRAT,424921,52.70782528,0,806182,0,1,NORTHEAST,TRUE,4.19,TRUE,2,TRUE,71.43,FALSE,14.29,2.12,106.6581671
450,450,2020,NH,5000,567138.98,0.881618118,11/1/20,OTHER,15607,1.935915215,20,806182,0.952380952,0,NORTHEAST,TRUE,4.19,TRUE,2,TRUE,71.43,FALSE,14.29,2.34,32.03690653
451,451,2020,NH,108926.03,567138.98,19.20623231,11/1/20,REPUBLICAN,365654,45.3562595,0,806182,0,0,NORTHEAST,TRUE,4.19,TRUE,2,TRUE,71.43,FALSE,14.29,0.04,29.78937193
452,452,2020,NJ,6224674.71,6731152.41,92.47561682,11/1/20,DEMOCRAT,2608335,57.33419675,0,4549353,0,1,MIDATLANTIC,FALSE,20,FALSE,0,FALSE,50,FALSE,100,2.12,238.6455233
453,453,2020,NJ,7649.7,6731152.41,0.113646216,11/1/20,OTHER,57744,1.26927939,0,4549353,0,0,MIDATLANTIC,FALSE,20,FALSE,0,FALSE,50,FALSE,100,2.34,13.24761015
454,454,2020,NJ,498828,6731152.41,7.410736968,11/1/20,REPUBLICAN,1883274,41.39652386,0,4549353,0,0,MIDATLANTIC,FALSE,20,FALSE,0,FALSE,50,FALSE,100,0.04,26.48727695
455,455,2020,NV,139419.97,297927.24,46.79665075,11/1/20,DEMOCRAT,703486,50.05678196,0,1405376,0,1,ROCKY MOUNTAINS,TRUE,4.48,TRUE,2,TRUE,85.71,FALSE,71.43,2.12,19.81844273
456,456,2020,NV,1686.13,297927.24,0.56595362,11/1/20,OTHER,32000,2.276970718,1,1405376,0.333333333,0,ROCKY MOUNTAINS,TRUE,4.48,TRUE,2,TRUE,85.71,FALSE,71.43,8.8,5.269156249
457,457,2020,NV,156821.14,297927.24,52.63739563,11/1/20,REPUBLICAN,669890,47.66624732,0,1405376,0,0,ROCKY MOUNTAINS,TRUE,4.48,TRUE,2,TRUE,85.71,FALSE,71.43,0.04,23.40998373
458,458,2020,NY,754601394.8,755656429.4,99.86038171,11/1/20,DEMOCRAT,5230985,60.39188454,0,8661735,0,1,MIDATLANTIC,FALSE,20,FALSE,0,FALSE,50,FALSE,100,2.12,14425.60808
459,459,2020,NY,1023941.04,755656429.4,0.135503517,11/1/20,OTHER,185952,2.146821624,17,8661735,0.772727273,0,MIDATLANTIC,FALSE,20,FALSE,0,FALSE,50,FALSE,100,8.8,550.6480373
460,460,2020,NY,31093.56,755656429.4,0.004114775,11/1/20,REPUBLICAN,3244798,37.46129384,0,8661735,0,0,MIDATLANTIC,FALSE,20,FALSE,0,FALSE,50,FALSE,100,0.04,0.958258784
461,461,2020,OH,478014.97,831865.35,57.46302211,11/1/20,DEMOCRAT,2679165,45.23933834,0,5922202,0,0,MIDWEST,TRUE,4.21,TRUE,3,TRUE,100,FALSE,57.14,22.35,17.84193844
462,462,2020,OH,236722.51,831865.35,28.45683018,11/1/20,OTHER,88203,1.489361558,6,5922202,0.75,0,MIDWEST,TRUE,4.21,TRUE,3,TRUE,100,FALSE,57.14,8.8,268.3837398
463,463,2020,OH,117127.87,831865.35,14.08014771,11/1/20,REPUBLICAN,3154834,53.2713001,0,5922202,0,1,MIDWEST,TRUE,4.21,TRUE,3,TRUE,100,FALSE,57.14,97.88,3.712647639
464,464,2020,OK,32948.83,417168.83,7.898200352,11/1/20,DEMOCRAT,503890,32.28617434,0,1560699,0,0,SOUTHWEST,FALSE,20,FALSE,0,FALSE,50,FALSE,0,22.35,6.538893409
465,465,2020,OK,384220,417168.83,92.10179965,11/1/20,OTHER,36529,2.340553816,0,1560699,0,0,SOUTHWEST,FALSE,20,FALSE,0,FALSE,50,FALSE,0,8.8,1051.82184
466,466,2020,OR,300566.51,307068.51,97.88255722,11/1/20,DEMOCRAT,1340383,56.45331865,0,2374321,0,1,PACIFIC COAST,FALSE,20,FALSE,0,FALSE,50,FALSE,100,22.35,22.42392734
467,467,2020,OR,6502,307068.51,2.117442782,11/1/20,REPUBLICAN,958448,40.36724605,0,2374321,0,0,PACIFIC COAST,FALSE,20,FALSE,0,FALSE,50,FALSE,100,97.88,0.678388395
468,468,2020,PA,2660763.61,2719622.58,97.83576698,11/1/20,DEMOCRAT,3458229,50.00849568,0,6915283,0,1,MIDATLANTIC,TRUE,5.9,TRUE,1,TRUE,71.43,FALSE,14.29,22.35,76.94006412
469,469,2020,PA,1547.97,2719622.58,0.05691856,11/1/20,OTHER,79380,1.147892284,0,6915283,0,0,MIDATLANTIC,TRUE,5.9,TRUE,1,TRUE,71.43,FALSE,14.29,8.8,1.950075598
470,470,2020,PA,57311,2719622.58,2.107314464,11/1/20,REPUBLICAN,3377674,48.84361204,0,6915283,0,0,MIDATLANTIC,TRUE,5.9,TRUE,1,TRUE,71.43,FALSE,14.29,97.88,1.696759367
471,471,2020,RI,2388015.74,2388015.74,100,11/1/20,DEMOCRAT,307486,59.47619877,0,516990,0,1,NORTHEAST,FALSE,20,FALSE,0,FALSE,50,FALSE,100,22.35,776.6258431
472,472,2020,SC,855259.6,1054440.98,81.1102391,11/1/20,DEMOCRAT,1091541,43.4168385,0,2514096,0,0,SOUTHEAST,FALSE,20,FALSE,0,FALSE,50,FALSE,0,22.35,78.35341046
473,473,2020,SC,199181.38,1054440.98,18.8897609,11/1/20,REPUBLICAN,1385103,55.09348092,0,2514096,0,1,SOUTHEAST,FALSE,20,FALSE,0,FALSE,50,FALSE,0,97.88,14.38025764
474,474,2020,SD,2171.75,2171.75,100,11/1/20,DEMOCRAT,150471,35.60525214,0,422609,0,0,MIDWEST,FALSE,20,FALSE,0,FALSE,50,FALSE,0,22.35,1.443301367
475,475,2020,TN,152237.66,202193.13,75.29319122,11/1/20,DEMOCRAT,1143711,37.45143427,0,3053851,0,0,SOUTHEAST,FALSE,20,TRUE,1,TRUE,71.43,TRUE,28.57,22.35,13.31085038
476,476,2020,TN,3220,202193.13,1.592536799,11/1/20,OTHER,57665,1.888271563,4,3053851,0.363636364,0,SOUTHEAST,FALSE,20,TRUE,1,TRUE,71.43,TRUE,28.57,8.8,5.583976416
477,477,2020,TN,46735.47,202193.13,23.11427198,11/1/20,REPUBLICAN,1852475,60.66029417,0,3053851,0,1,SOUTHEAST,FALSE,20,TRUE,1,TRUE,71.43,TRUE,28.57,97.88,2.522866435
478,478,2020,TX,10278060.57,17661714.15,58.19401493,11/1/20,DEMOCRAT,5259126,46.47900991,0,11315056,0,0,SOUTHWEST,FALSE,20,FALSE,0,FALSE,50,FALSE,0,22.35,195.4328641
479,479,2020,TX,4593.77,17661714.15,0.026009763,11/1/20,OTHER,165583,1.463386483,9,11315056,0.818181818,0,SOUTHWEST,FALSE,20,FALSE,0,FALSE,50,FALSE,0,8.8,2.774300497
480,480,2020,TX,7379059.81,17661714.15,41.7799753,11/1/20,REPUBLICAN,5890347,52.0576036,0,11315056,0,1,SOUTHWEST,FALSE,20,FALSE,0,FALSE,50,FALSE,0,97.88,125.273771
481,481,2020,UT,41748.82,81854.32,51.00380774,11/1/20,DEMOCRAT,560282,37.64604858,0,1488289,0,0,ROCKY MOUNTAINS,FALSE,20,FALSE,0,FALSE,50,FALSE,0,22.35,7.451394119
482,482,2020,UT,39485,81854.32,48.23813819,11/1/20,OTHER,62867,4.224112387,9,1488289,0.75,0,ROCKY MOUNTAINS,FALSE,20,FALSE,0,FALSE,50,FALSE,0,8.8,62.80719614
483,483,2020,UT,620.5,81854.32,0.758054065,11/1/20,REPUBLICAN,865140,58.12983903,0,1488289,0,1,ROCKY MOUNTAINS,FALSE,20,FALSE,0,FALSE,50,FALSE,0,97.88,0.071722496
484,484,2020,VA,46276324.25,557215843.7,8.30491896,11/1/20,DEMOCRAT,2413568,54.10951718,0,4460524,0,1,SOUTHEAST,TRUE,5.45,TRUE,1,FALSE,71.43,FALSE,42.86,22.35,1917.34081
485,485,2020,VA,2125,557215843.7,0.00038136,11/1/20,OTHER,84526,1.894979155,1,4460524,0.5,0,SOUTHEAST,TRUE,5.45,TRUE,1,FALSE,71.43,FALSE,42.86,8.8,2.514017393
486,486,2020,VA,510937394.4,557215843.7,91.69469968,11/1/20,REPUBLICAN,1962430,43.99550367,0,4460524,0,0,SOUTHEAST,TRUE,5.45,TRUE,1,FALSE,71.43,FALSE,42.86,97.88,26035.95514
487,487,2020,VT,32533.1,32533.1,100,11/1/20,DEMOCRAT,242820,65.45578055,0,370968,0,1,NORTHEAST,FALSE,20,FALSE,0,FALSE,50,FALSE,100,22.35,13.39803146
488,488,2020,WA,1750558.89,1780320.32,98.32831038,11/1/20,DEMOCRAT,2369612,57.97030114,0,4087631,0,1,PACIFIC COAST,FALSE,20,FALSE,0,FALSE,50,FALSE,100,0.47,73.87533866
489,489,2020,WA,28910.37,1780320.32,1.623885863,11/1/20,OTHER,133368,3.262721121,1,4087631,0.2,0,PACIFIC COAST,FALSE,20,FALSE,0,FALSE,50,FALSE,100,17.39,21.67714144
490,490,2020,WA,851.06,1780320.32,0.047803757,11/1/20,REPUBLICAN,1584651,38.76697774,0,4087631,0,0,PACIFIC COAST,FALSE,20,FALSE,0,FALSE,50,FALSE,100,1.4,0.053706463
491,491,2020,WI,271265.66,283765.66,95.59495677,11/1/20,DEMOCRAT,1630866,49.44953686,0,3298041,0,1,MIDWEST,TRUE,5.26,TRUE,1,FALSE,71.43,FALSE,14.29,0.47,16.63322799
492,492,2020,WI,1000,283765.66,0.352403459,11/1/20,OTHER,56991,1.728025819,8,3298041,0.727272727,0,MIDWEST,TRUE,5.26,TRUE,1,FALSE,71.43,FALSE,14.29,17.39,1.754663019
493,493,2020,WI,11500,283765.66,4.052639773,11/1/20,REPUBLICAN,1610184,48.82243732,0,3298041,0,0,MIDWEST,TRUE,5.26,TRUE,1,FALSE,71.43,FALSE,14.29,1.4,0.714204091
494,494,2020,WV,6279,7779,80.71731585,11/1/20,DEMOCRAT,235984,29.69652124,0,794652,0,0,SOUTHEAST,FALSE,20,TRUE,1,TRUE,71.43,TRUE,28.57,0.47,2.660773612
495,495,2020,WV,1500,7779,19.28268415,11/1/20,OTHER,13286,1.671926831,0,794652,0,0,SOUTHEAST,FALSE,20,TRUE,1,TRUE,71.43,TRUE,28.57,17.39,11.29007978